StartTime,Region,Success,CreateSeconds
2022-11-01 08:19:42,us-west-2,Y,24.42
2022-11-01 09:07:44,ap-southeast-1,Y,24.01
2022-11-01 10:04:23,ap-northeast-1,Y,23.28
2022-11-01 11:03:43,us-west-2,Y,24.42
2022-11-01 12:15:15,us-east-1,Y,19.65
2022-11-01 13:39:13,ap-southeast-1,Y,22.84
2022-11-01 14:14:07,ap-northeast-1,Y,21.43
2022-11-01 15:07:08,us-east-1,Y,19.04
2022-11-01 16:09:50,us-east-1,Y,20.26
2022-11-01 17:16:58,eu-central-1,Y,24.93
2022-11-01 18:08:19,ap-southeast-1,Y,23.20
2022-11-01 19:06:43,us-east-1,Y,21.11
2022-11-01 20:07:27,us-east-1,Y,20.65
2022-11-01 21:05:48,ap-southeast-1,Y,23.46
2022-11-01 22:07:24,ap-northeast-1,Y,21.33
2022-11-01 23:07:05,us-east-1,Y,20.35
2022-11-02 00:40:43,eu-central-1,Y,22.49
2022-11-02 03:12:54,eu-central-1,Y,22.63
2022-11-02 04:51:22,us-west-2,Y,49.06
2022-11-02 05:36:50,ap-southeast-1,Y,22.96
2022-11-02 06:13:41,us-west-2,Y,19.76
2022-11-02 07:09:18,us-west-2,Y,18.39
2022-11-02 08:09:45,eu-central-1,Y,22.90
2022-11-02 09:06:46,ap-northeast-1,Y,20.83
2022-11-02 10:07:43,ap-northeast-1,Y,21.30
2022-11-02 11:03:43,us-west-2,Y,24.21
2022-11-02 12:13:19,ap-northeast-1,Y,23.27
2022-11-02 13:41:43,us-east-1,Y,20.59
2022-11-02 14:17:23,us-east-1,Y,20.79
2022-11-02 15:07:42,eu-central-1,Y,24.08
2022-11-02 16:08:38,us-west-2,Y,18.87
2022-11-02 17:22:23,us-east-1,Y,20.12
2022-11-02 18:09:04,us-east-1,Y,19.16
2022-11-02 19:03:27,eu-central-1,Y,21.59
2022-11-02 20:06:34,us-west-2,Y,18.55
2022-11-02 21:07:05,us-east-1,Y,19.90
2022-11-02 22:04:52,us-east-1,Y,19.60
2022-11-02 23:06:42,us-east-1,Y,20.19
2022-11-03 00:46:25,us-west-2,Y,20.21
2022-11-03 02:53:59,eu-central-1,Y,23.13
2022-11-03 03:49:26,us-east-1,Y,20.56
2022-11-03 04:27:52,us-west-2,Y,19.13
2022-11-03 05:14:45,eu-central-1,Y,23.75
2022-11-03 06:08:51,us-east-1,Y,21.82
2022-11-03 07:04:09,us-west-2,Y,20.11
2022-11-03 08:08:57,ap-southeast-1,Y,23.38
2022-11-03 09:06:12,eu-central-1,Y,23.26
2022-11-03 10:07:15,ap-southeast-1,Y,23.13
2022-11-03 11:02:47,ap-southeast-1,Y,23.02
2022-11-03 12:11:31,ap-southeast-1,Y,23.13
2022-11-03 13:34:01,us-west-2,Y,18.29
2022-11-03 14:12:40,ap-southeast-1,Y,22.73
2022-11-03 15:08:40,ap-southeast-1,Y,24.19
2022-11-03 16:12:22,us-west-2,Y,23.38
2022-11-03 17:12:49,ap-southeast-1,Y,23.61
2022-11-03 18:08:37,ap-northeast-1,Y,20.97
2022-11-03 19:03:51,us-west-2,Y,23.19
2022-11-03 20:02:45,ap-northeast-1,Y,21.51
2022-11-03 21:02:46,ap-northeast-1,Y,21.19
2022-11-03 22:02:31,eu-central-1,Y,22.12
2022-11-03 23:07:01,us-west-2,Y,30.70
2022-11-04 00:38:35,ap-northeast-1,Y,21.36
2022-11-04 03:01:39,us-west-2,Y,23.43
2022-11-04 04:30:47,us-east-1,Y,20.97
2022-11-04 05:16:06,us-west-2,Y,20.13
2022-11-04 06:08:43,ap-northeast-1,Y,21.67
2022-11-04 07:05:40,us-west-2,Y,26.03
2022-11-04 08:08:40,ap-southeast-1,Y,23.13
2022-11-04 09:04:36,ap-northeast-1,Y,19.72
2022-11-04 10:07:15,ap-northeast-1,Y,23.28
2022-11-04 11:02:45,ap-southeast-1,Y,23.76
2022-11-04 12:13:18,ap-northeast-1,Y,21.08
2022-11-04 13:32:58,ap-northeast-1,Y,22.09
2022-11-04 14:03:26,ap-northeast-1,Y,21.22
2022-11-04 15:04:56,ap-southeast-1,Y,18.23
2022-11-04 16:08:08,us-east-1,Y,19.55
2022-11-04 17:12:00,ap-southeast-1,Y,17.90
2022-11-04 18:08:07,us-east-1,Y,20.19
2022-11-04 19:02:43,us-west-2,Y,23.65
2022-11-04 20:07:07,ap-northeast-1,Y,21.78
2022-11-04 21:03:32,us-west-2,Y,24.66
2022-11-04 22:05:50,ap-northeast-1,Y,14.79
2022-11-04 23:07:12,us-east-1,Y,21.29
2022-11-05 00:37:46,ap-southeast-1,Y,19.99
2022-11-05 02:50:30,ap-northeast-1,Y,16.70
2022-11-05 03:41:32,us-east-1,Y,21.00
2022-11-05 04:15:18,us-west-2,Y,28.61
2022-11-05 05:04:57,us-west-2,Y,28.86
2022-11-05 06:08:16,us-west-2,Y,23.79
2022-11-05 07:03:22,ap-southeast-1,Y,17.94
2022-11-05 08:08:19,ap-southeast-1,Y,19.25
2022-11-05 09:06:37,ap-southeast-1,Y,17.92
2022-11-05 10:06:54,ap-northeast-1,Y,17.19
2022-11-05 11:02:36,us-west-2,Y,18.24
2022-11-05 12:09:51,eu-central-1,Y,21.74
2022-11-05 13:18:45,ap-southeast-1,Y,18.26
2022-11-05 14:02:52,ap-southeast-1,Y,17.78
2022-11-05 15:03:39,ap-northeast-1,Y,21.51
2022-11-05 16:06:55,eu-central-1,Y,22.36
2022-11-05 17:06:14,us-west-2,Y,17.85
2022-11-05 18:06:57,ap-southeast-1,Y,17.91
2022-11-05 19:02:49,ap-northeast-1,Y,20.81
2022-11-05 20:08:10,ap-northeast-1,Y,21.00
2022-11-05 21:02:41,eu-central-1,Y,17.71
2022-11-05 22:03:19,us-west-2,Y,18.82
2022-11-05 23:05:15,ap-southeast-1,Y,18.33
2022-11-06 00:35:34,ap-northeast-1,Y,16.40
2022-11-06 02:53:47,us-west-2,Y,30.14
2022-11-06 03:41:57,ap-northeast-1,Y,16.33
2022-11-06 04:15:51,ap-southeast-1,Y,18.11
2022-11-06 05:06:20,ap-northeast-1,Y,21.72
2022-11-06 06:07:49,us-east-1,Y,20.67
2022-11-06 07:04:04,ap-northeast-1,Y,16.94
2022-11-06 08:08:11,ap-southeast-1,Y,22.88
2022-11-06 09:07:36,us-east-1,Y,21.35
2022-11-06 10:04:37,us-west-2,Y,17.51
2022-11-06 11:02:34,eu-central-1,Y,24.98
2022-11-06 12:10:58,us-east-1,Y,20.16
2022-11-06 13:19:56,us-west-2,Y,13.23
2022-11-06 14:03:00,us-east-1,Y,15.12
2022-11-06 15:07:33,us-east-1,Y,20.70
2022-11-06 16:07:26,ap-southeast-1,Y,22.35
2022-11-06 17:07:33,us-east-1,Y,19.78
2022-11-06 18:07:30,eu-central-1,Y,23.02
2022-11-06 19:02:21,us-east-1,Y,15.78
2022-11-06 20:07:04,ap-northeast-1,Y,21.14
2022-11-06 21:03:15,ap-northeast-1,Y,16.40
2022-11-06 22:04:22,ap-northeast-1,Y,17.27
2022-11-06 23:04:03,eu-central-1,Y,21.84
2022-11-07 00:33:09,ap-southeast-1,Y,24.00
2022-11-07 02:51:19,ap-southeast-1,Y,23.50
2022-11-07 03:53:14,eu-central-1,Y,23.72
2022-11-07 04:30:35,ap-southeast-1,Y,22.62
2022-11-07 05:17:32,ap-southeast-1,Y,23.50
2022-11-07 06:08:52,ap-northeast-1,Y,15.78
2022-11-07 07:06:53,eu-central-1,Y,21.61
2022-11-07 08:09:32,us-east-1,Y,15.16
2022-11-07 09:07:06,eu-central-1,Y,21.75
2022-11-07 10:07:42,ap-southeast-1,Y,22.21
2022-11-07 11:03:36,eu-central-1,Y,22.89
2022-11-07 12:13:05,us-west-2,Y,20.17
2022-11-07 13:35:24,us-west-2,Y,23.19
2022-11-07 14:11:50,us-west-2,Y,17.85
2022-11-07 15:06:37,us-east-1,Y,15.23
2022-11-07 16:08:16,ap-northeast-1,Y,16.84
2022-11-07 17:16:40,ap-northeast-1,Y,20.94
2022-11-07 18:07:53,ap-southeast-1,Y,23.14
2022-11-07 19:02:33,us-west-2,Y,18.18
2022-11-07 20:07:19,us-west-2,Y,20.47
2022-11-07 21:05:13,eu-central-1,Y,22.15
2022-11-07 22:05:08,ap-northeast-1,Y,15.75
2022-11-07 23:06:24,eu-central-1,Y,22.21
2022-11-08 00:33:24,ap-southeast-1,Y,18.33
2022-11-08 02:51:29,us-east-1,Y,21.55
2022-11-08 03:49:53,us-west-2,Y,29.68
2022-11-08 04:31:27,us-west-2,Y,28.08
2022-11-08 05:17:25,eu-central-1,Y,23.53
2022-11-08 06:08:52,eu-central-1,Y,21.76
2022-11-08 07:04:31,us-east-1,Y,19.41
2022-11-08 08:10:13,us-west-2,Y,23.80
2022-11-08 09:06:35,eu-central-1,Y,22.03
2022-11-08 10:07:58,us-west-2,Y,18.38
2022-11-08 11:03:19,us-east-1,Y,15.88
2022-11-08 12:13:23,ap-northeast-1,Y,18.32
2022-11-08 13:32:22,ap-northeast-1,Y,16.26
2022-11-08 14:10:03,us-east-1,Y,19.70
2022-11-08 15:06:37,ap-southeast-1,Y,17.85
2022-11-08 16:07:59,us-west-2,Y,23.62
2022-11-08 17:16:36,ap-southeast-1,Y,20.71
2022-11-08 18:08:04,us-east-1,Y,15.48
2022-11-08 19:13:49,us-east-1,Y,20.66
2022-11-08 20:07:11,us-east-1,Y,15.63
2022-11-08 21:04:56,us-east-1,Y,19.01
2022-11-08 22:06:23,us-west-2,Y,27.66
2022-11-08 23:04:28,us-west-2,Y,17.47
2022-11-09 00:35:03,ap-southeast-1,Y,17.62
2022-11-09 02:59:22,us-east-1,Y,14.80
2022-11-09 03:59:33,eu-central-1,Y,22.47
2022-11-09 04:42:27,eu-central-1,Y,22.47
2022-11-09 05:20:56,eu-central-1,Y,21.28
2022-11-09 06:10:07,ap-northeast-1,Y,15.74
2022-11-09 07:08:33,ap-northeast-1,Y,21.70
2022-11-09 08:10:31,ap-northeast-1,Y,16.60
2022-11-09 09:06:44,us-east-1,Y,21.13
2022-11-09 10:06:56,ap-southeast-1,Y,22.39
2022-11-09 11:05:38,eu-central-1,Y,22.25
2022-11-09 12:14:59,ap-northeast-1,Y,22.89
2022-11-09 13:36:30,us-west-2,Y,18.84
2022-11-09 14:12:17,us-west-2,Y,25.33
2022-11-09 15:06:41,us-west-2,Y,23.19
2022-11-09 16:08:39,eu-central-1,Y,22.46
2022-11-09 17:13:00,ap-southeast-1,Y,24.26
2022-11-09 18:07:59,us-west-2,Y,20.16
2022-11-09 19:02:40,ap-northeast-1,Y,16.09
2022-11-09 20:07:32,us-west-2,Y,34.40
2022-11-09 21:04:41,us-east-1,Y,20.79
2022-11-09 22:04:57,ap-northeast-1,Y,17.24
2022-11-09 23:04:49,ap-southeast-1,Y,22.33
2022-11-10 00:35:09,ap-southeast-1,Y,24.54
2022-11-10 02:54:43,ap-northeast-1,Y,21.28
2022-11-10 03:47:51,us-west-2,Y,21.09
2022-11-10 04:27:31,eu-central-1,Y,18.46
2022-11-10 05:17:16,us-east-1,Y,20.52
2022-11-10 06:08:41,ap-northeast-1,Y,18.18
2022-11-10 07:03:47,ap-northeast-1,Y,21.07
2022-11-10 08:09:02,us-west-2,Y,29.32
2022-11-10 09:08:25,us-west-2,Y,30.62
2022-11-10 10:06:58,ap-northeast-1,Y,22.47
2022-11-10 11:03:14,ap-southeast-1,Y,22.55
2022-11-10 12:11:33,ap-southeast-1,Y,23.16
2022-11-10 13:40:42,eu-central-1,Y,23.50
2022-11-10 14:19:36,ap-southeast-1,Y,22.69
2022-11-10 15:05:44,ap-southeast-1,Y,24.22
2022-11-10 16:07:58,eu-central-1,Y,23.38
2022-11-10 17:12:01,eu-central-1,Y,22.45
2022-11-10 18:08:11,eu-central-1,Y,23.83
2022-11-10 19:02:27,ap-southeast-1,Y,22.73
2022-11-10 20:07:24,ap-northeast-1,Y,22.06
2022-11-10 21:06:43,eu-central-1,Y,23.97
2022-11-10 22:05:02,eu-central-1,Y,22.39
2022-11-10 23:06:52,us-west-2,Y,18.99
2022-11-11 00:38:03,us-east-1,Y,21.07
2022-11-11 02:54:05,us-east-1,Y,17.24
2022-11-11 03:48:49,ap-northeast-1,Y,16.39
2022-11-11 04:24:05,ap-northeast-1,Y,15.61
2022-11-11 05:13:47,eu-central-1,Y,24.14
2022-11-11 06:08:52,ap-northeast-1,Y,17.09
2022-11-11 07:08:02,eu-central-1,Y,21.79
2022-11-11 08:09:03,ap-southeast-1,Y,24.38
2022-11-11 09:06:54,us-east-1,Y,21.22
2022-11-11 10:06:47,ap-southeast-1,Y,23.64
2022-11-11 11:05:22,us-east-1,Y,14.81
2022-11-11 12:11:54,eu-central-1,Y,22.59
2022-11-11 13:33:29,eu-central-1,Y,22.25
2022-11-11 14:08:39,ap-northeast-1,Y,14.86
2022-11-11 15:04:55,us-east-1,Y,20.68
2022-11-11 16:07:59,us-east-1,Y,15.50
2022-11-11 17:10:53,eu-central-1,Y,18.31
2022-11-11 18:08:18,ap-northeast-1,Y,16.96
2022-11-11 19:03:02,us-west-2,Y,31.38
2022-11-11 20:07:01,us-west-2,Y,18.80
2022-11-11 21:03:57,us-east-1,Y,20.51
2022-11-11 22:04:35,ap-northeast-1,Y,16.02
2022-11-11 23:06:17,ap-northeast-1,Y,21.05
2022-11-12 00:36:38,ap-southeast-1,Y,22.67
2022-11-12 02:47:25,us-west-2,Y,19.11
2022-11-12 03:45:40,us-west-2,Y,35.93
2022-11-12 04:17:57,eu-central-1,Y,24.35
2022-11-12 05:07:56,ap-southeast-1,Y,24.53
2022-11-12 06:07:51,ap-northeast-1,Y,15.81
2022-11-12 07:03:47,ap-northeast-1,Y,20.79
2022-11-12 08:08:27,eu-central-1,Y,22.05
2022-11-12 09:06:35,us-east-1,Y,20.22
2022-11-12 10:04:21,ap-northeast-1,Y,20.74
2022-11-12 11:02:40,us-west-2,Y,13.34
2022-11-12 12:09:59,us-west-2,Y,29.83
2022-11-12 13:19:46,ap-northeast-1,Y,16.99
2022-11-12 14:03:02,ap-southeast-1,Y,24.21
2022-11-12 15:05:05,us-east-1,Y,14.23
2022-11-12 16:07:33,us-east-1,Y,19.67
2022-11-12 17:07:55,ap-northeast-1,Y,16.34
2022-11-12 18:07:04,ap-southeast-1,Y,23.05
2022-11-12 19:02:28,us-east-1,Y,21.32
2022-11-12 20:04:25,ap-southeast-1,Y,23.39
2022-11-12 21:03:46,ap-southeast-1,Y,23.20
2022-11-12 22:03:01,ap-northeast-1,Y,17.29
2022-11-12 23:04:05,us-east-1,Y,15.53
2022-11-13 00:32:02,us-east-1,Y,20.42
2022-11-13 02:49:40,eu-central-1,Y,22.46
2022-11-13 03:48:05,eu-central-1,Y,21.06
2022-11-13 04:20:10,us-west-2,Y,36.21
2022-11-13 05:08:44,us-west-2,Y,19.76
2022-11-13 06:08:25,us-east-1,Y,20.41
2022-11-13 07:03:19,eu-central-1,Y,21.50
2022-11-13 08:08:28,ap-southeast-1,Y,22.86
2022-11-13 09:05:08,eu-central-1,Y,18.03
2022-11-13 10:05:32,us-west-2,Y,20.05
2022-11-13 11:02:21,ap-northeast-1,Y,20.70
2022-11-13 12:11:02,ap-northeast-1,Y,15.06
2022-11-13 13:20:55,us-east-1,Y,20.60
2022-11-13 14:03:02,eu-central-1,Y,17.34
2022-11-13 15:05:21,us-east-1,Y,20.31
2022-11-13 16:07:15,us-west-2,Y,29.04
2022-11-13 17:08:00,us-east-1,Y,20.08
2022-11-13 18:07:10,ap-northeast-1,Y,15.96
2022-11-13 19:02:57,us-east-1,Y,20.47
2022-11-13 20:05:07,ap-southeast-1,Y,23.45
2022-11-13 21:03:51,eu-central-1,Y,21.92
2022-11-13 22:05:32,ap-southeast-1,Y,23.11
2022-11-13 23:04:43,us-west-2,Y,30.04
2022-11-14 00:31:59,us-west-2,Y,22.65
2022-11-14 02:49:30,us-west-2,Y,18.98
2022-11-14 03:50:08,us-east-1,Y,14.43
2022-11-14 04:26:03,us-west-2,Y,19.87
2022-11-14 05:14:05,us-west-2,Y,19.57
2022-11-14 06:08:59,ap-southeast-1,Y,25.33
2022-11-14 07:06:55,ap-northeast-1,Y,21.66
2022-11-14 08:09:19,us-east-1,Y,20.76
2022-11-14 09:07:44,ap-southeast-1,Y,22.86
2022-11-14 10:07:24,us-west-2,Y,18.41
2022-11-14 11:03:55,ap-northeast-1,Y,15.69
2022-11-14 12:12:51,ap-northeast-1,Y,17.35
2022-11-14 13:39:57,ap-northeast-1,Y,22.21
2022-11-14 14:14:07,ap-northeast-1,Y,21.67
2022-11-14 15:06:54,ap-northeast-1,Y,16.47
2022-11-14 16:08:11,ap-northeast-1,Y,21.26
2022-11-14 17:19:12,ap-southeast-1,Y,22.88
2022-11-14 18:07:51,ap-northeast-1,Y,21.83
2022-11-14 19:02:49,us-west-2,Y,12.99
2022-11-14 20:07:04,ap-southeast-1,Y,25.43
2022-11-14 21:04:28,us-east-1,Y,21.19
2022-11-14 22:07:36,us-west-2,Y,18.52
2022-11-14 23:03:58,us-east-1,Y,15.02
2022-11-15 00:33:04,eu-central-1,Y,16.29
2022-11-15 02:42:09,ap-southeast-1,Y,22.38
2022-11-15 03:38:26,ap-northeast-1,Y,15.85
2022-11-15 04:11:18,ap-southeast-1,Y,24.96
2022-11-15 05:03:46,us-west-2,Y,23.24
2022-11-15 06:08:36,us-east-1,Y,16.72
2022-11-15 07:04:46,ap-northeast-1,Y,22.49
2022-11-15 08:08:42,ap-southeast-1,Y,28.50
2022-11-15 09:06:29,us-east-1,Y,20.33
2022-11-15 10:07:01,us-west-2,Y,18.13
2022-11-15 11:02:30,ap-southeast-1,Y,18.12
2022-11-15 12:10:48,eu-central-1,Y,23.05
2022-11-15 13:27:10,eu-central-1,Y,23.12
2022-11-15 14:03:45,ap-northeast-1,Y,20.81
2022-11-15 15:04:34,eu-central-1,Y,22.96
2022-11-15 16:07:40,us-west-2,Y,33.64
2022-11-15 17:08:38,us-west-2,Y,18.12
2022-11-15 18:07:33,us-west-2,Y,33.52
2022-11-15 19:02:36,ap-northeast-1,Y,16.99
2022-11-15 20:04:32,eu-central-1,Y,23.01
2022-11-15 21:03:35,us-east-1,Y,15.34
2022-11-15 22:03:47,us-west-2,Y,29.03
2022-11-15 23:04:17,eu-central-1,Y,21.40
2022-11-16 00:34:00,ap-northeast-1,Y,16.48
2022-11-16 02:43:48,eu-central-1,Y,23.30
2022-11-16 03:40:20,us-west-2,Y,29.20
2022-11-16 04:12:47,eu-central-1,Y,22.79
2022-11-16 05:03:54,eu-central-1,Y,22.10
2022-11-16 06:08:05,ap-southeast-1,Y,22.03
2022-11-16 07:04:56,us-west-2,Y,33.97
2022-11-16 08:08:35,ap-northeast-1,Y,15.93
2022-11-16 09:04:50,us-west-2,Y,29.62
2022-11-16 10:07:15,us-east-1,Y,21.91
2022-11-16 11:02:31,us-east-1,Y,21.42
2022-11-16 12:10:30,ap-southeast-1,Y,23.45
2022-11-16 13:28:31,ap-northeast-1,Y,16.75
2022-11-16 14:04:33,eu-central-1,Y,23.10
2022-11-16 15:05:18,us-east-1,Y,21.30
2022-11-16 16:07:32,us-east-1,Y,21.01
2022-11-16 17:06:41,ap-northeast-1,Y,16.70
2022-11-16 18:07:26,eu-central-1,Y,21.40
2022-11-16 19:02:38,ap-northeast-1,Y,16.04
2022-11-16 20:04:27,us-west-2,Y,29.96
2022-11-16 21:03:48,us-west-2,Y,18.25
2022-11-16 22:03:53,ap-southeast-1,Y,18.46
2022-11-16 23:03:35,ap-southeast-1,Y,22.84
2022-11-17 00:32:42,us-west-2,Y,29.50
2022-11-17 02:39:30,us-west-2,Y,29.34
2022-11-17 03:34:57,ap-southeast-1,Y,24.32
2022-11-17 04:08:07,us-east-1,Y,20.14
2022-11-17 05:05:53,ap-southeast-1,Y,24.23
2022-11-17 06:08:23,ap-southeast-1,Y,23.32
2022-11-17 07:03:54,us-west-2,Y,35.20
2022-11-17 08:08:37,eu-central-1,Y,22.32
2022-11-17 09:06:29,us-east-1,Y,20.43
2022-11-17 10:05:04,ap-northeast-1,Y,21.91
2022-11-17 11:03:10,ap-southeast-1,Y,24.99
2022-11-17 12:11:22,ap-southeast-1,Y,29.77
2022-11-17 13:24:17,ap-northeast-1,Y,17.57
2022-11-17 14:04:56,ap-northeast-1,Y,15.16
2022-11-17 15:04:25,eu-central-1,Y,23.20
2022-11-17 16:07:47,us-west-2,Y,23.64
2022-11-17 17:08:57,us-east-1,Y,19.69
2022-11-17 18:07:29,us-east-1,Y,19.86
2022-11-17 19:03:40,us-east-1,Y,21.66
2022-11-17 20:05:50,us-west-2,Y,20.99
2022-11-17 21:03:54,us-west-2,Y,18.90
2022-11-17 22:03:54,ap-southeast-1,Y,24.28
2022-11-17 23:06:38,eu-central-1,Y,16.16
2022-11-18 00:37:23,us-east-1,Y,20.74
2022-11-18 02:45:26,ap-northeast-1,Y,16.18
2022-11-18 03:35:18,us-west-2,Y,23.26
2022-11-18 04:09:25,ap-southeast-1,Y,23.15
2022-11-18 05:04:28,ap-southeast-1,Y,22.10
2022-11-18 06:08:09,ap-southeast-1,Y,24.06
2022-11-18 07:04:20,ap-northeast-1,Y,22.74
2022-11-18 08:08:27,us-west-2,Y,35.25
2022-11-18 09:06:05,ap-northeast-1,Y,18.02
2022-11-18 10:06:51,ap-southeast-1,Y,23.74
2022-11-18 11:03:08,ap-northeast-1,Y,16.48
2022-11-18 12:10:49,eu-central-1,Y,24.02
2022-11-18 13:25:10,us-east-1,Y,21.11
2022-11-18 14:03:59,ap-southeast-1,Y,24.21
2022-11-18 15:05:01,ap-northeast-1,Y,17.14
2022-11-18 16:07:34,us-east-1,Y,19.10
2022-11-18 17:07:41,eu-central-1,Y,22.65
2022-11-18 18:07:26,ap-northeast-1,Y,17.11
2022-11-18 19:02:53,eu-central-1,Y,23.12
2022-11-18 20:05:16,us-east-1,Y,15.23
2022-11-18 21:03:23,us-east-1,Y,19.71
2022-11-18 22:03:57,us-west-2,Y,24.09
2022-11-18 23:03:39,ap-northeast-1,Y,16.27
2022-11-19 00:34:35,us-west-2,Y,18.87
2022-11-19 02:36:38,ap-northeast-1,Y,22.04
2022-11-19 03:32:53,us-east-1,Y,20.94
2022-11-19 04:06:56,us-west-2,Y,18.93
2022-11-19 05:03:26,ap-northeast-1,Y,16.29
2022-11-19 06:07:52,ap-northeast-1,Y,16.54
2022-11-19 07:03:06,us-east-1,Y,14.84
2022-11-19 08:07:37,eu-central-1,Y,22.87
2022-11-19 09:04:10,ap-northeast-1,Y,16.50
2022-11-19 10:03:53,ap-southeast-1,Y,23.61
2022-11-19 11:02:26,ap-southeast-1,Y,28.40
2022-11-19 12:09:18,ap-southeast-1,Y,23.18
2022-11-19 13:17:12,us-west-2,Y,28.40
2022-11-19 14:02:35,us-west-2,Y,24.43
2022-11-19 15:03:18,ap-southeast-1,Y,23.08
2022-11-19 16:06:42,ap-southeast-1,Y,22.48
2022-11-19 17:03:43,us-west-2,Y,29.24
2022-11-19 18:07:10,ap-northeast-1,Y,16.62
2022-11-19 19:02:11,eu-central-1,Y,22.34
2022-11-19 20:03:43,us-east-1,Y,21.42
2022-11-19 21:02:47,us-east-1,Y,19.85
2022-11-19 22:02:52,eu-central-1,Y,22.54
2022-11-19 23:02:57,ap-northeast-1,Y,14.82
2022-11-20 00:36:01,us-west-2,Y,21.59
2022-11-20 02:45:53,eu-central-1,Y,21.69
2022-11-20 03:38:53,ap-southeast-1,Y,23.90
2022-11-20 04:10:49,us-west-2,Y,34.72
2022-11-20 05:03:26,us-west-2,Y,27.47
2022-11-20 06:07:24,ap-northeast-1,Y,21.68
2022-11-20 07:03:23,eu-central-1,Y,23.12
2022-11-20 08:07:38,us-east-1,Y,15.46
2022-11-20 09:03:59,us-west-2,Y,27.55
2022-11-20 10:03:53,us-east-1,Y,21.71
2022-11-20 11:02:44,ap-southeast-1,Y,23.93
2022-11-20 12:09:41,us-east-1,Y,21.37
2022-11-20 13:17:21,us-east-1,Y,16.18
2022-11-20 14:02:29,us-east-1,Y,14.70
2022-11-20 15:03:00,us-west-2,Y,33.71
2022-11-20 16:06:47,us-east-1,Y,19.99
2022-11-20 17:04:11,eu-central-1,Y,22.74
2022-11-20 18:07:01,ap-southeast-1,Y,23.66
2022-11-20 19:02:20,ap-southeast-1,Y,19.43
2022-11-20 20:03:38,ap-southeast-1,Y,23.61
2022-11-20 21:02:35,ap-northeast-1,Y,22.91
2022-11-20 22:02:34,eu-central-1,Y,22.98
2022-11-20 23:03:14,us-west-2,Y,18.91
2022-11-21 00:34:42,ap-northeast-1,Y,15.25
2022-11-21 02:43:36,ap-southeast-1,Y,24.07
2022-11-21 03:40:25,us-east-1,Y,20.21
2022-11-21 04:14:08,ap-northeast-1,Y,16.13
2022-11-21 05:04:41,eu-central-1,Y,23.20
2022-11-21 06:08:19,us-west-2,Y,22.78
2022-11-21 07:04:25,ap-northeast-1,Y,16.90
2022-11-21 08:08:37,us-east-1,Y,20.80
2022-11-21 09:06:45,ap-southeast-1,Y,23.03
2022-11-21 10:06:33,ap-southeast-1,Y,22.99
2022-11-21 11:03:28,us-west-2,Y,24.36
2022-11-21 12:11:27,us-west-2,Y,32.61
2022-11-21 13:31:11,us-west-2,Y,19.56
2022-11-21 14:04:25,us-east-1,Y,20.06
2022-11-21 15:05:57,us-east-1,Y,19.94
2022-11-21 16:07:29,us-east-1,Y,21.12
2022-11-21 17:09:17,us-east-1,Y,20.32
2022-11-21 18:07:51,us-west-2,Y,35.91
2022-11-21 19:02:38,eu-central-1,Y,23.67
2022-11-21 20:05:59,eu-central-1,Y,23.60
2022-11-21 21:03:30,eu-central-1,Y,21.28
2022-11-21 22:03:45,ap-northeast-1,Y,16.77
2022-11-21 23:04:17,us-east-1,Y,19.75
2022-11-22 00:33:56,ap-northeast-1,Y,15.89
2022-11-22 02:41:12,us-west-2,Y,25.23
2022-11-22 03:32:32,us-west-2,Y,39.64
2022-11-22 04:07:51,ap-northeast-1,Y,16.11
2022-11-22 05:04:31,us-east-1,Y,20.77
2022-11-22 06:08:07,eu-central-1,Y,22.77
2022-11-22 07:04:38,eu-central-1,Y,23.57
2022-11-22 08:09:05,eu-central-1,Y,23.76
2022-11-22 09:06:39,us-west-2,Y,36.72
2022-11-22 10:05:48,ap-northeast-1,Y,16.55
2022-11-22 11:02:32,us-east-1,Y,14.57
2022-11-22 12:10:41,eu-central-1,Y,22.28
2022-11-22 13:23:29,us-west-2,Y,839.89
2022-11-22 14:03:23,ap-northeast-1,Y,21.84
2022-11-22 15:05:57,eu-central-1,Y,17.14
2022-11-22 16:07:48,eu-central-1,Y,23.35
2022-11-22 17:08:32,us-west-2,Y,36.13
2022-11-22 18:07:40,us-east-1,Y,15.06
2022-11-22 19:02:35,us-east-1,Y,19.71
2022-11-22 20:04:08,us-west-2,Y,23.95
2022-11-22 21:02:50,ap-northeast-1,Y,15.65
2022-11-22 22:03:13,eu-central-1,Y,18.12
2022-11-22 23:03:17,eu-central-1,Y,17.52
2022-11-23 00:28:19,ap-northeast-1,Y,16.63
2022-11-23 02:26:23,us-west-2,Y,29.65
2022-11-23 03:25:50,ap-northeast-1,Y,20.57
2022-11-23 04:07:05,us-west-2,Y,30.43
2022-11-23 05:03:42,ap-southeast-1,Y,28.57
2022-11-23 06:08:04,ap-southeast-1,Y,21.49
2022-11-23 07:03:27,ap-southeast-1,Y,20.31
2022-11-23 08:08:07,ap-northeast-1,Y,21.03
2022-11-23 09:04:00,ap-southeast-1,Y,18.47
2022-11-23 10:04:57,us-east-1,Y,14.71
2022-11-23 11:02:48,eu-central-1,Y,24.00
2022-11-23 12:10:17,eu-central-1,Y,23.33
2022-11-23 13:19:52,us-east-1,Y,21.50
2022-11-23 14:02:54,us-west-2,Y,18.75
2022-11-23 15:03:34,ap-northeast-1,Y,15.86
2022-11-23 16:07:05,us-east-1,Y,15.86
2022-11-23 17:02:31,ap-southeast-1,Y,18.20
2022-11-23 18:06:53,eu-central-1,Y,17.83
2022-11-23 19:02:26,us-west-2,Y,19.93
2022-11-23 20:04:28,us-east-1,Y,20.92
2022-11-23 21:02:50,ap-northeast-1,Y,16.69
2022-11-23 22:03:29,us-east-1,Y,21.40
2022-11-23 23:03:17,eu-central-1,Y,19.44
2022-11-24 00:35:09,us-east-1,Y,20.57
2022-11-24 02:21:35,ap-northeast-1,Y,15.55
2022-11-24 03:17:54,us-east-1,Y,16.18
2022-11-24 04:06:56,us-west-2,Y,38.58
2022-11-24 05:04:10,eu-central-1,Y,18.23
2022-11-24 06:07:35,us-east-1,Y,15.51
2022-11-24 07:05:38,ap-southeast-1,Y,23.41
2022-11-24 08:08:12,us-west-2,Y,20.01
2022-11-24 09:04:17,ap-northeast-1,Y,16.79
2022-11-24 10:05:07,eu-central-1,Y,16.98
2022-11-24 11:02:40,us-east-1,Y,15.34
2022-11-24 12:11:02,eu-central-1,Y,17.67
2022-11-24 13:19:29,us-east-1,Y,20.62
2022-11-24 14:02:48,ap-northeast-1,Y,17.28
2022-11-24 15:03:45,us-west-2,Y,28.43
2022-11-24 16:07:05,us-east-1,Y,16.76
2022-11-24 17:02:45,us-east-1,Y,20.17
2022-11-24 18:07:27,eu-central-1,Y,18.31
2022-11-24 19:02:05,us-east-1,Y,14.82
2022-11-24 20:03:55,us-west-2,Y,40.48
2022-11-24 21:02:28,us-east-1,Y,19.65
2022-11-24 22:02:42,us-east-1,Y,20.18
2022-11-24 23:05:25,eu-central-1,Y,18.77
2022-11-25 00:32:15,us-west-2,Y,27.11
2022-11-25 02:23:05,us-east-1,Y,15.96
2022-11-25 03:28:23,us-east-1,Y,19.87
2022-11-25 04:07:27,ap-northeast-1,Y,20.82
2022-11-25 05:03:44,us-east-1,Y,21.08
2022-11-25 06:07:52,us-east-1,Y,20.57
2022-11-25 07:03:24,eu-central-1,Y,17.65
2022-11-25 08:08:06,ap-northeast-1,Y,16.10
2022-11-25 09:03:57,us-west-2,Y,43.14
2022-11-25 10:05:14,eu-central-1,Y,23.55
2022-11-25 11:02:41,eu-central-1,Y,23.98
2022-11-25 12:10:29,eu-central-1,Y,23.59
2022-11-25 13:16:51,eu-central-1,Y,18.23
2022-11-25 14:03:02,us-east-1,Y,19.54
2022-11-25 15:03:24,eu-central-1,Y,17.46
2022-11-25 16:06:50,eu-central-1,Y,18.17
2022-11-25 17:02:40,us-east-1,Y,15.90
2022-11-25 18:07:27,us-east-1,Y,15.47
2022-11-25 19:01:55,eu-central-1,Y,18.74
2022-11-25 20:04:23,ap-northeast-1,Y,15.98
2022-11-25 21:03:43,ap-northeast-1,Y,16.35
2022-11-25 22:03:04,us-west-2,Y,38.07
2022-11-25 23:03:01,ap-northeast-1,Y,15.05
2022-11-26 00:28:04,us-east-1,Y,16.13
2022-11-26 02:15:31,us-west-2,Y,40.80
2022-11-26 03:14:09,us-west-2,Y,25.20
2022-11-26 04:06:38,us-west-2,Y,27.13
2022-11-26 05:02:58,us-west-2,Y,39.54
2022-11-26 06:06:58,ap-northeast-1,Y,20.73
2022-11-26 07:02:24,us-west-2,Y,18.23
2022-11-26 08:07:05,ap-northeast-1,Y,17.36
2022-11-26 09:02:49,ap-southeast-1,Y,19.91
2022-11-26 10:02:47,eu-central-1,Y,22.94
2022-11-26 11:02:11,us-east-1,Y,16.19
2022-11-26 12:08:47,eu-central-1,Y,17.36
2022-11-26 13:14:00,us-east-1,Y,21.42
2022-11-26 14:02:01,ap-southeast-1,Y,28.23
2022-11-26 15:02:47,ap-southeast-1,Y,18.91
2022-11-26 16:05:33,us-east-1,Y,15.09
2022-11-26 17:02:02,us-east-1,Y,15.39
2022-11-26 18:06:12,ap-southeast-1,Y,29.44
2022-11-26 19:01:53,us-east-1,Y,20.34
2022-11-26 20:02:50,ap-northeast-1,Y,16.86
2022-11-26 21:02:41,ap-southeast-1,Y,27.54
2022-11-26 22:02:49,eu-central-1,Y,24.51
2022-11-26 23:02:25,ap-southeast-1,Y,18.96
2022-11-27 00:32:43,ap-northeast-1,Y,17.60
2022-11-27 02:27:15,ap-northeast-1,Y,15.02
2022-11-27 03:32:44,us-west-2,Y,45.45
2022-11-27 04:06:04,ap-northeast-1,Y,25.77
2022-11-27 05:02:48,ap-southeast-1,Y,21.82
2022-11-27 06:06:56,ap-northeast-1,Y,16.85
2022-11-27 07:02:03,us-east-1,Y,17.19
2022-11-27 08:07:15,ap-southeast-1,Y,25.38
2022-11-27 09:02:53,ap-southeast-1,Y,28.54
2022-11-27 10:03:16,us-west-2,Y,33.35
2022-11-27 11:01:56,ap-northeast-1,Y,17.48
2022-11-27 12:08:58,us-east-1,Y,20.76
2022-11-27 13:14:03,us-west-2,Y,45.35
2022-11-27 14:02:30,us-west-2,Y,22.92
2022-11-27 15:02:48,ap-northeast-1,Y,18.29
2022-11-27 16:06:00,eu-central-1,Y,17.08
2022-11-27 17:02:28,ap-northeast-1,Y,22.64
2022-11-27 18:06:32,ap-southeast-1,Y,18.16
2022-11-27 19:02:00,us-west-2,Y,23.49
2022-11-27 20:03:25,eu-central-1,Y,19.25
2022-11-27 21:02:36,ap-southeast-1,Y,26.18
2022-11-27 22:02:49,eu-central-1,Y,19.53
2022-11-27 23:02:50,us-west-2,Y,25.85
2022-11-28 00:29:05,ap-northeast-1,Y,16.18
2022-11-28 02:21:14,ap-northeast-1,Y,22.78
2022-11-28 03:20:55,us-west-2,Y,721.87
2022-11-28 04:07:30,us-west-2,Y,29.38
2022-11-28 05:04:01,us-east-1,Y,21.01
2022-11-28 06:08:05,us-west-2,Y,23.00
2022-11-28 07:04:04,ap-northeast-1,Y,20.47
2022-11-28 08:09:12,ap-northeast-1,Y,18.37
2022-11-28 09:05:52,ap-southeast-1,Y,21.08
2022-11-28 10:06:31,ap-northeast-1,Y,20.59
2022-11-28 11:02:37,us-east-1,Y,22.38
2022-11-28 12:10:53,ap-northeast-1,Y,19.32
2022-11-28 13:17:56,ap-northeast-1,Y,18.99
2022-11-28 14:03:07,ap-southeast-1,Y,20.15
2022-11-28 15:02:46,ap-southeast-1,Y,26.41
2022-11-28 16:05:34,ap-northeast-1,Y,17.46
2022-11-28 17:03:04,us-east-1,Y,18.54
2022-11-28 18:07:16,ap-southeast-1,Y,21.34
2022-11-28 19:02:02,ap-southeast-1,Y,23.14
2022-11-28 20:03:59,ap-northeast-1,Y,17.97
2022-11-28 21:02:54,us-west-2,Y,36.04
2022-11-28 22:03:30,ap-northeast-1,Y,19.87
2022-11-28 23:03:20,us-east-1,Y,24.06
2022-11-29 00:31:47,us-east-1,Y,20.88
2022-11-29 02:19:14,eu-central-1,Y,24.25
2022-11-29 03:18:02,us-west-2,N,
2022-11-29 05:03:16,us-east-1,Y,15.15
2022-11-29 06:08:00,eu-central-1,Y,25.96
2022-11-29 07:03:33,ap-southeast-1,Y,31.11
2022-11-29 08:08:50,ap-northeast-1,Y,26.18
2022-11-29 09:03:55,us-west-2,Y,37.66
2022-11-29 10:04:40,eu-central-1,Y,20.96
2022-11-29 11:02:52,ap-southeast-1,Y,31.12
2022-11-29 12:10:20,us-west-2,Y,33.13
2022-11-29 13:17:43,eu-central-1,Y,26.42
2022-11-29 14:02:41,us-west-2,Y,44.50
2022-11-29 15:04:18,eu-central-1,Y,26.95
2022-11-29 16:07:24,us-west-2,Y,38.80
2022-11-29 17:03:02,eu-central-1,Y,25.12
2022-11-29 18:07:20,eu-central-1,Y,20.81
2022-11-29 19:02:26,eu-central-1,Y,24.77
2022-11-29 20:04:36,eu-central-1,Y,23.80
2022-11-29 21:03:01,ap-northeast-1,Y,18.94
2022-11-29 22:03:26,us-east-1,Y,21.81
2022-11-29 23:03:31,us-east-1,Y,21.89
2022-11-30 00:32:02,ap-northeast-1,Y,20.42
2022-11-30 02:17:36,eu-central-1,Y,26.11
2022-11-30 03:15:33,ap-southeast-1,Y,25.52
2022-11-30 04:07:12,ap-southeast-1,Y,27.40
2022-11-30 05:03:48,ap-northeast-1,Y,19.80
2022-11-30 06:07:53,ap-southeast-1,Y,28.82
2022-11-30 07:03:39,ap-northeast-1,Y,19.40
2022-11-30 08:08:11,us-west-2,Y,125.99
2022-11-30 09:04:35,ap-northeast-1,Y,18.79
2022-11-30 10:06:23,ap-southeast-1,Y,28.32
2022-11-30 11:03:02,ap-northeast-1,Y,21.33
2022-11-30 12:11:45,eu-central-1,Y,19.16
2022-11-30 13:22:13,eu-central-1,Y,27.98
2022-11-30 14:02:53,ap-southeast-1,Y,26.76
2022-11-30 15:04:20,us-west-2,Y,21.72
2022-11-30 16:07:24,eu-central-1,Y,21.20
2022-11-30 17:05:09,eu-central-1,Y,19.18
2022-11-30 18:07:29,us-west-2,Y,48.52
2022-11-30 19:02:29,ap-northeast-1,Y,20.01
2022-11-30 20:04:49,eu-central-1,Y,17.94
2022-11-30 21:03:00,eu-central-1,Y,26.75
2022-11-30 22:03:28,us-west-2,Y,41.55
2022-11-30 23:04:11,us-west-2,Y,42.89
2022-12-01 00:34:33,ap-northeast-1,Y,23.37
2022-12-01 02:39:39,ap-northeast-1,Y,19.86
2022-12-01 03:30:14,us-west-2,Y,45.22
2022-12-01 04:07:09,us-east-1,Y,24.64
2022-12-01 05:04:02,eu-central-1,Y,27.84
2022-12-01 06:08:47,us-west-2,Y,1377.29
2022-12-01 07:03:16,ap-southeast-1,Y,26.93
2022-12-01 08:08:05,us-east-1,Y,24.49
2022-12-01 09:05:15,ap-northeast-1,Y,19.25
2022-12-01 10:06:32,us-east-1,Y,17.98
2022-12-01 11:02:32,ap-southeast-1,Y,20.67
2022-12-01 12:10:41,us-east-1,Y,17.19
2022-12-01 13:25:51,ap-northeast-1,Y,24.09
2022-12-01 14:03:52,us-east-1,Y,23.45
2022-12-01 15:05:18,us-west-2,Y,32.91
2022-12-01 16:07:11,us-east-1,Y,21.74
2022-12-01 17:03:49,us-east-1,Y,24.32
2022-12-01 18:07:19,eu-central-1,Y,17.76
2022-12-01 19:02:10,us-west-2,Y,786.05
2022-12-01 20:05:52,ap-southeast-1,Y,18.61
2022-12-01 21:03:01,eu-central-1,Y,26.45
2022-12-01 22:02:31,ap-northeast-1,Y,17.12
2022-12-01 23:04:45,us-west-2,Y,4937.04
2022-12-02 00:29:10,us-east-1,Y,21.97
2022-12-02 02:12:38,eu-central-1,Y,24.78
2022-12-02 03:11:40,eu-central-1,Y,20.52
2022-12-02 04:06:48,eu-central-1,Y,27.39
2022-12-02 05:02:58,us-west-2,Y,37.32
2022-12-02 06:07:27,us-east-1,Y,19.73
2022-12-02 07:02:58,eu-central-1,Y,26.39
2022-12-02 08:07:33,us-east-1,Y,21.70
2022-12-02 09:03:42,eu-central-1,Y,28.17
2022-12-02 10:03:03,ap-northeast-1,Y,21.26
2022-12-02 11:01:31,us-east-1,Y,16.76
2022-12-02 12:09:37,eu-central-1,Y,27.08
2022-12-02 13:13:55,ap-southeast-1,Y,23.55
2022-12-02 14:02:50,ap-northeast-1,Y,19.71
2022-12-02 15:02:40,ap-southeast-1,Y,20.51
2022-12-02 16:07:00,eu-central-1,Y,20.32
2022-12-02 17:02:44,eu-central-1,Y,25.53
2022-12-02 18:06:53,ap-southeast-1,Y,25.69
2022-12-02 19:01:59,us-east-1,Y,23.84
2022-12-02 20:03:44,ap-northeast-1,Y,23.81
2022-12-02 21:02:28,ap-northeast-1,Y,25.55
2022-12-02 22:03:13,eu-central-1,Y,19.69
2022-12-02 23:02:36,us-west-2,Y,51.72
2022-12-03 00:27:01,us-east-1,Y,17.67
2022-12-03 02:04:25,eu-central-1,Y,21.95
2022-12-03 03:03:58,ap-northeast-1,Y,27.11
2022-12-03 04:04:48,eu-central-1,Y,22.34
2022-12-03 05:02:55,ap-northeast-1,Y,18.92
2022-12-03 06:07:16,us-east-1,Y,17.93
2022-12-03 07:01:57,us-east-1,Y,26.28
2022-12-03 08:06:47,ap-northeast-1,Y,19.92
2022-12-03 09:02:12,us-west-2,Y,38.79
2022-12-03 10:02:27,ap-northeast-1,Y,20.99
2022-12-03 11:01:53,us-west-2,Y,21.49
2022-12-03 12:08:32,us-west-2,Y,34.68
2022-12-03 13:10:53,us-east-1,Y,21.87
2022-12-03 14:01:58,ap-southeast-1,Y,21.03
2022-12-03 15:02:43,ap-northeast-1,Y,22.19
2022-12-03 16:04:52,ap-southeast-1,Y,30.14
2022-12-03 17:02:04,us-west-2,Y,42.73
2022-12-03 18:05:03,ap-southeast-1,Y,20.42
2022-12-03 19:01:34,us-west-2,Y,22.69
2022-12-03 20:03:02,eu-central-1,Y,19.29
2022-12-03 21:02:04,ap-northeast-1,Y,23.02
2022-12-03 22:02:35,ap-southeast-1,Y,20.54
2022-12-03 23:02:17,us-west-2,Y,50.96
2022-12-04 00:28:37,ap-southeast-1,Y,29.98
2022-12-04 02:11:04,eu-central-1,Y,20.20
2022-12-04 03:07:31,ap-southeast-1,Y,25.48
2022-12-04 04:06:05,ap-northeast-1,Y,20.44
2022-12-04 05:02:47,eu-central-1,Y,24.64
2022-12-04 06:06:35,eu-central-1,Y,19.39
2022-12-04 07:02:18,eu-central-1,Y,20.40
2022-12-04 08:06:54,us-east-1,Y,17.20
2022-12-04 09:02:33,us-east-1,Y,17.60
2022-12-04 10:04:19,ap-northeast-1,Y,29.92
2022-12-04 11:02:04,us-west-2,Y,236.78
2022-12-04 12:08:54,us-west-2,Y,46.52
2022-12-04 13:11:40,eu-central-1,Y,23.41
2022-12-04 14:02:59,us-east-1,Y,16.31
2022-12-04 15:02:09,us-east-1,Y,19.00
2022-12-04 16:05:02,ap-northeast-1,Y,19.23
2022-12-04 17:02:10,ap-northeast-1,Y,20.51
2022-12-04 18:03:57,us-west-2,Y,1569.44
2022-12-04 19:01:43,us-west-2,Y,53.52
2022-12-04 20:02:47,us-west-2,Y,30.91
2022-12-04 21:02:13,us-west-2,Y,47.80
2022-12-04 22:02:08,ap-southeast-1,Y,21.31
2022-12-04 23:02:33,us-west-2,Y,21.83
2022-12-05 00:28:34,ap-southeast-1,Y,21.86
2022-12-05 02:09:32,ap-northeast-1,Y,18.94
2022-12-05 03:06:38,eu-central-1,Y,28.34
2022-12-05 04:07:11,ap-northeast-1,Y,19.84
2022-12-05 05:02:43,eu-central-1,Y,24.15
2022-12-05 06:07:46,ap-northeast-1,Y,20.13
2022-12-05 07:03:05,ap-southeast-1,Y,20.93
2022-12-05 08:07:59,ap-southeast-1,Y,31.01
2022-12-05 09:04:25,us-east-1,Y,22.29
2022-12-05 10:06:38,us-east-1,Y,17.19
2022-12-05 11:02:00,ap-northeast-1,Y,23.25
2022-12-05 12:10:03,ap-southeast-1,Y,26.11
2022-12-05 13:14:54,us-west-2,Y,40.27
2022-12-05 14:02:48,ap-northeast-1,Y,19.33
2022-12-05 15:03:46,us-east-1,Y,24.93
2022-12-05 16:06:55,us-east-1,Y,23.10
2022-12-05 17:02:29,us-west-2,Y,63.30
2022-12-05 18:06:58,ap-northeast-1,Y,26.66
2022-12-05 19:02:11,eu-central-1,Y,25.80
2022-12-05 20:03:28,us-east-1,Y,22.88
2022-12-05 21:02:31,ap-southeast-1,Y,24.15
2022-12-05 22:02:38,ap-southeast-1,Y,22.77
2022-12-05 23:02:50,eu-central-1,Y,24.24
2022-12-06 00:26:53,us-west-2,Y,52.86
2022-12-06 02:10:18,ap-northeast-1,Y,17.80
2022-12-06 03:07:01,ap-northeast-1,Y,20.83
2022-12-06 04:03:38,eu-central-1,Y,23.72
2022-12-06 05:04:44,us-east-1,Y,18.39
2022-12-06 06:07:34,us-west-2,Y,51.58
2022-12-06 07:03:05,ap-northeast-1,Y,17.50
2022-12-06 08:07:38,us-west-2,Y,52.71
2022-12-06 09:03:18,eu-central-1,Y,21.82
2022-12-06 10:03:31,ap-southeast-1,Y,19.41
2022-12-06 11:02:19,eu-central-1,Y,24.64
2022-12-06 12:09:47,ap-southeast-1,Y,23.90
2022-12-06 13:16:31,us-east-1,Y,20.94
2022-12-06 14:02:38,eu-central-1,Y,19.41
2022-12-06 15:03:01,ap-southeast-1,Y,29.14
2022-12-06 16:07:01,ap-northeast-1,Y,23.61
2022-12-06 17:02:15,us-west-2,Y,31.83
2022-12-06 18:07:02,eu-central-1,Y,17.79
2022-12-06 19:02:30,us-east-1,Y,17.23
2022-12-06 20:03:27,us-west-2,Y,41.01
2022-12-06 21:02:57,us-west-2,Y,51.32
2022-12-06 22:02:43,us-west-2,Y,43.72
2022-12-06 23:02:49,us-west-2,Y,22.83
2022-12-07 00:29:12,us-east-1,Y,23.08
2022-12-07 02:16:44,us-east-1,Y,20.82
2022-12-07 03:13:03,eu-central-1,Y,23.70
2022-12-07 04:06:40,ap-northeast-1,Y,16.85
2022-12-07 05:02:55,us-west-2,Y,14.66
2022-12-07 06:07:34,us-west-2,Y,21.34
2022-12-07 07:03:01,us-east-1,Y,15.99
2022-12-07 08:08:20,eu-central-1,Y,23.84
2022-12-07 09:03:26,ap-southeast-1,Y,19.37
2022-12-07 10:04:43,ap-southeast-1,Y,24.61
2022-12-07 11:02:03,us-west-2,Y,41.72
2022-12-07 12:09:46,eu-central-1,Y,20.45
2022-12-07 13:14:38,ap-southeast-1,Y,30.95
2022-12-07 14:02:31,ap-northeast-1,Y,23.38
2022-12-07 15:03:22,ap-northeast-1,Y,23.92
2022-12-07 16:06:43,ap-southeast-1,Y,25.84
2022-12-07 17:02:23,ap-southeast-1,Y,30.45
2022-12-07 18:07:22,us-east-1,Y,19.62
2022-12-07 19:01:26,ap-northeast-1,Y,19.84
2022-12-07 20:03:46,us-west-2,Y,49.06
2022-12-07 21:02:18,eu-central-1,Y,24.34
2022-12-07 22:02:42,eu-central-1,Y,18.02
2022-12-07 23:02:55,ap-northeast-1,Y,21.78
2022-12-08 00:27:16,ap-southeast-1,Y,30.59
2022-12-08 02:12:10,us-west-2,Y,38.80
2022-12-08 03:09:03,us-east-1,Y,24.31
2022-12-08 04:06:57,ap-northeast-1,Y,25.30
2022-12-08 05:02:42,us-east-1,Y,18.59
2022-12-08 06:08:01,eu-central-1,Y,25.03
2022-12-08 07:02:49,eu-central-1,Y,24.02
2022-12-08 08:07:51,ap-northeast-1,Y,22.60
2022-12-08 09:03:30,eu-central-1,Y,19.75
2022-12-08 10:05:01,ap-southeast-1,Y,30.46
2022-12-08 11:02:25,ap-northeast-1,Y,21.90
2022-12-08 12:09:38,us-west-2,Y,449.79
2022-12-08 13:15:03,eu-central-1,Y,19.64
2022-12-08 14:02:37,ap-northeast-1,Y,24.99
2022-12-08 15:03:34,us-west-2,Y,37.05
2022-12-08 16:07:19,ap-northeast-1,Y,20.08
2022-12-08 17:02:37,us-west-2,Y,18.93
2022-12-08 18:07:03,ap-northeast-1,Y,25.02
2022-12-08 19:02:09,ap-southeast-1,Y,30.26
2022-12-08 20:03:44,us-east-1,Y,23.49
2022-12-08 21:04:26,us-east-1,Y,19.00
2022-12-08 22:02:48,ap-northeast-1,Y,23.53
2022-12-08 23:04:49,us-east-1,Y,22.74
2022-12-09 00:29:45,us-east-1,Y,19.22
2022-12-09 02:12:02,us-east-1,Y,19.49
2022-12-09 03:09:13,eu-central-1,Y,26.84
2022-12-09 04:06:47,us-west-2,Y,29.06
2022-12-09 05:02:49,us-west-2,Y,44.63
2022-12-09 06:07:46,eu-central-1,Y,19.48
2022-12-09 07:02:18,ap-northeast-1,Y,19.86
2022-12-09 08:07:31,us-east-1,Y,19.06
2022-12-09 09:03:39,ap-southeast-1,Y,20.66
2022-12-09 10:04:08,us-west-2,Y,38.86
2022-12-09 11:02:21,us-east-1,Y,22.71
2022-12-09 12:09:25,us-east-1,Y,22.55
2022-12-09 13:13:58,us-west-2,Y,39.71
2022-12-09 14:02:30,us-west-2,Y,34.06
2022-12-09 15:03:02,eu-central-1,Y,21.95
2022-12-09 16:06:42,ap-northeast-1,Y,23.56
2022-12-09 17:02:40,ap-northeast-1,Y,19.94
2022-12-09 18:06:43,eu-central-1,Y,23.70
2022-12-09 19:02:13,us-west-2,Y,50.32
2022-12-09 20:03:54,ap-northeast-1,Y,18.95
2022-12-09 21:03:07,ap-southeast-1,Y,27.20
2022-12-09 22:02:47,us-west-2,Y,47.47
2022-12-09 23:02:51,ap-southeast-1,Y,26.95
2022-12-10 00:26:41,ap-northeast-1,Y,25.78
2022-12-10 02:06:51,ap-northeast-1,Y,24.91
2022-12-10 03:03:30,ap-northeast-1,Y,24.37
2022-12-10 04:05:32,eu-central-1,Y,20.59
2022-12-10 05:02:58,ap-southeast-1,Y,30.35
2022-12-10 06:06:56,ap-northeast-1,Y,23.13
2022-12-10 07:02:06,ap-northeast-1,Y,19.99
2022-12-10 08:06:48,us-west-2,Y,105.35
2022-12-10 09:02:49,ap-northeast-1,Y,25.25
2022-12-10 10:02:36,us-west-2,Y,33.82
2022-12-10 11:01:57,us-east-1,Y,24.02
2022-12-10 12:08:44,ap-southeast-1,Y,32.17
2022-12-10 13:11:37,us-west-2,Y,622.26
2022-12-10 14:02:02,ap-northeast-1,Y,19.66
2022-12-10 15:02:01,ap-southeast-1,Y,20.68
2022-12-10 16:05:23,us-east-1,Y,24.23
2022-12-10 17:02:19,ap-southeast-1,Y,26.25
2022-12-10 18:06:30,ap-northeast-1,Y,21.32
2022-12-10 19:01:38,eu-central-1,Y,26.01
2022-12-10 20:03:09,ap-northeast-1,Y,32.43
2022-12-10 21:02:12,ap-northeast-1,Y,23.02
2022-12-10 22:02:05,ap-southeast-1,Y,32.85
2022-12-10 23:02:52,ap-northeast-1,Y,20.50
2022-12-11 00:32:53,eu-central-1,Y,20.90
2022-12-11 02:17:55,us-east-1,Y,23.59
2022-12-11 03:12:56,ap-southeast-1,Y,33.19
2022-12-11 04:07:19,eu-central-1,Y,22.77
2022-12-11 05:02:48,ap-northeast-1,Y,18.68
2022-12-11 06:07:08,ap-northeast-1,Y,20.02
2022-12-11 07:02:28,us-west-2,Y,22.18
2022-12-11 08:06:53,ap-northeast-1,Y,22.97
2022-12-11 09:02:41,eu-central-1,Y,21.38
2022-12-11 10:03:09,us-east-1,Y,23.22
2022-12-11 11:02:00,us-west-2,Y,35.99
2022-12-11 12:08:45,eu-central-1,Y,22.96
2022-12-11 13:12:00,us-west-2,Y,33.36
2022-12-11 14:02:09,us-east-1,Y,24.28
2022-12-11 15:01:59,eu-central-1,Y,26.10
2022-12-11 16:04:37,us-east-1,Y,20.74
2022-12-11 17:02:15,us-west-2,Y,33.18
2022-12-11 18:04:51,us-west-2,Y,25.80
2022-12-11 19:01:58,eu-central-1,Y,22.26
2022-12-11 20:03:17,ap-southeast-1,Y,26.03
2022-12-11 21:01:58,eu-central-1,Y,22.29
2022-12-11 22:02:26,us-east-1,Y,19.74
2022-12-11 23:02:51,ap-southeast-1,Y,23.80
2022-12-12 00:31:31,ap-northeast-1,Y,20.15
2022-12-12 02:13:05,ap-northeast-1,Y,24.61
2022-12-12 03:12:31,ap-southeast-1,Y,36.90
2022-12-12 04:06:44,us-east-1,Y,23.14
2022-12-12 05:02:50,ap-southeast-1,Y,32.09
2022-12-12 06:07:43,ap-northeast-1,Y,25.66
2022-12-12 07:03:20,us-east-1,Y,16.06
2022-12-12 08:08:35,ap-southeast-1,Y,48.58
2022-12-12 09:05:41,ap-southeast-1,Y,34.10
2022-12-12 10:06:01,us-west-2,Y,1526.89
2022-12-12 11:02:18,us-east-1,Y,25.85
2022-12-12 12:10:25,ap-southeast-1,Y,30.95
2022-12-12 13:16:06,us-west-2,Y,357.53
2022-12-12 14:03:19,eu-central-1,Y,27.89
2022-12-12 15:04:27,eu-central-1,Y,20.89
2022-12-12 16:06:59,ap-northeast-1,Y,21.69
2022-12-12 17:02:13,ap-northeast-1,Y,21.61
2022-12-12 18:07:13,ap-northeast-1,Y,26.05
2022-12-12 19:01:53,ap-southeast-1,Y,24.19
2022-12-12 20:03:06,us-west-2,Y,34.66
2022-12-12 21:02:57,ap-northeast-1,Y,21.49
2022-12-12 22:02:52,ap-southeast-1,Y,26.71
2022-12-12 23:02:40,us-west-2,Y,569.64
2022-12-13 00:32:12,ap-northeast-1,Y,18.20
2022-12-13 02:17:25,eu-central-1,Y,22.86
2022-12-13 03:15:28,us-east-1,Y,20.09
2022-12-13 04:07:12,ap-northeast-1,Y,19.98
2022-12-13 05:02:55,ap-southeast-1,Y,22.19
2022-12-13 06:07:41,eu-central-1,Y,27.73
2022-12-13 07:02:54,ap-northeast-1,Y,20.39
2022-12-13 08:09:53,us-east-1,Y,20.95
2022-12-13 09:05:21,us-east-1,Y,24.06
2022-12-13 10:04:38,ap-southeast-1,Y,39.12
2022-12-13 11:02:17,us-east-1,Y,25.35
2022-12-13 12:09:56,ap-northeast-1,Y,28.19
2022-12-13 13:14:50,eu-central-1,Y,36.84
2022-12-13 14:04:16,us-west-2,Y,938.89
2022-12-13 15:03:28,us-west-2,Y,595.15
2022-12-13 16:07:22,us-west-2,Y,206.10
2022-12-13 17:01:54,ap-southeast-1,Y,22.16
2022-12-13 18:07:03,us-east-1,Y,22.94
2022-12-13 19:02:03,eu-central-1,Y,27.67
2022-12-13 20:04:32,us-east-1,Y,19.12
2022-12-13 21:02:07,us-west-2,Y,139.49
2022-12-13 22:02:34,us-west-2,Y,101.65
2022-12-13 23:02:56,eu-central-1,Y,21.50
2022-12-14 00:28:40,us-west-2,Y,365.16
2022-12-14 02:15:35,us-west-2,Y,242.62
2022-12-14 03:11:14,ap-southeast-1,Y,34.10
2022-12-14 04:07:00,ap-northeast-1,Y,27.18
2022-12-14 05:03:23,us-west-2,Y,1093.73
2022-12-14 06:07:46,us-west-2,N,
2022-12-14 08:07:54,eu-central-1,Y,33.30
2022-12-14 09:03:49,us-west-2,N,
2022-12-14 11:02:21,ap-northeast-1,Y,39.40
2022-12-14 12:09:50,ap-southeast-1,Y,37.85
2022-12-14 13:15:01,us-west-2,N,
2022-12-14 15:02:40,ap-northeast-1,Y,24.61
2022-12-14 16:06:58,ap-northeast-1,Y,21.47
2022-12-14 17:02:34,ap-southeast-1,Y,24.32
2022-12-14 18:06:54,eu-central-1,Y,27.25
2022-12-14 19:02:24,ap-southeast-1,Y,29.24
2022-12-14 20:03:47,eu-central-1,Y,24.21
2022-12-14 21:02:06,ap-southeast-1,Y,22.79
2022-12-14 22:02:58,us-east-1,Y,26.27
2022-12-14 23:02:48,ap-southeast-1,Y,31.59
2022-12-15 00:31:42,eu-central-1,Y,28.83
2022-12-15 02:14:56,ap-southeast-1,Y,19.67
2022-12-15 03:11:29,eu-central-1,Y,25.71
2022-12-15 04:07:00,us-west-2,Y,1577.01
2022-12-15 05:03:13,ap-northeast-1,Y,27.86
2022-12-15 06:07:27,us-east-1,Y,24.42
2022-12-15 07:02:55,eu-central-1,Y,30.24
2022-12-15 08:07:52,ap-southeast-1,Y,21.92
2022-12-15 09:04:15,ap-northeast-1,Y,23.94
2022-12-15 10:06:04,eu-central-1,Y,39.26
2022-12-15 11:02:17,ap-southeast-1,Y,35.58
2022-12-15 12:09:58,eu-central-1,Y,34.23
2022-12-15 13:15:20,ap-northeast-1,Y,31.47
2022-12-15 14:03:12,us-west-2,Y,37.85
2022-12-15 15:04:00,eu-central-1,Y,36.94
2022-12-15 16:07:02,us-east-1,Y,41.35
2022-12-15 17:02:27,us-east-1,Y,34.93
2022-12-15 18:05:22,ap-southeast-1,Y,36.42
2022-12-15 19:02:00,ap-southeast-1,Y,30.47
2022-12-15 20:03:10,ap-northeast-1,Y,31.62
2022-12-15 21:02:09,us-west-2,Y,31.75
2022-12-15 22:02:26,us-west-2,Y,23.68
2022-12-15 23:03:48,eu-central-1,Y,42.75
2022-12-16 00:28:23,ap-northeast-1,Y,35.86
2022-12-16 02:01:23,us-west-2,Y,22.09
2022-12-16 03:04:27,us-east-1,Y,23.93
2022-12-16 04:04:47,us-west-2,Y,22.44
2022-12-16 05:02:58,eu-central-1,Y,25.55
2022-12-16 06:08:14,ap-northeast-1,Y,18.91
2022-12-16 07:02:24,ap-southeast-1,Y,28.31
2022-12-16 08:07:15,us-east-1,Y,26.92
2022-12-16 09:02:41,ap-northeast-1,Y,23.13
2022-12-16 10:03:51,us-east-1,Y,19.42
2022-12-16 11:02:27,ap-southeast-1,Y,28.02
2022-12-16 12:08:58,ap-southeast-1,Y,28.15
2022-12-16 13:10:18,ap-northeast-1,Y,23.21
2022-12-16 14:02:24,ap-southeast-1,Y,30.17
2022-12-16 15:04:37,us-east-1,Y,22.69
2022-12-16 16:07:06,eu-central-1,Y,30.44
2022-12-16 17:02:39,us-east-1,Y,25.18
2022-12-16 18:06:25,eu-central-1,Y,25.94
2022-12-16 19:01:26,us-west-2,Y,21.40
2022-12-16 20:02:42,ap-southeast-1,Y,25.58
2022-12-16 21:02:18,ap-northeast-1,Y,33.11
2022-12-16 22:02:28,ap-northeast-1,Y,27.30
2022-12-16 23:02:17,ap-northeast-1,Y,30.07
2022-12-17 00:26:34,eu-central-1,Y,21.82
2022-12-17 02:00:48,ap-northeast-1,Y,20.82
2022-12-17 03:03:27,us-west-2,N,
2022-12-17 05:02:12,us-west-2,N,
2022-12-17 07:02:05,ap-northeast-1,Y,21.57
2022-12-17 08:06:02,us-west-2,N,
2022-12-17 10:02:13,ap-southeast-1,Y,18.73
2022-12-17 11:01:42,eu-central-1,Y,26.71
2022-12-17 12:08:14,ap-northeast-1,Y,20.49
2022-12-17 13:07:52,us-west-2,N,
2022-12-17 15:02:07,us-west-2,Y,2336.63
2022-12-17 16:04:04,us-east-1,Y,26.06
2022-12-17 17:01:49,eu-central-1,Y,24.75
2022-12-17 18:03:39,us-west-2,Y,17.80
2022-12-17 19:01:46,ap-northeast-1,Y,18.79
2022-12-17 20:02:15,ap-southeast-1,Y,19.37
2022-12-17 21:02:12,us-west-2,Y,23.51
2022-12-17 22:01:59,ap-northeast-1,Y,18.35
2022-12-17 23:02:12,ap-northeast-1,Y,18.53
2022-12-18 00:27:37,ap-southeast-1,Y,21.99
2022-12-18 02:03:46,ap-southeast-1,Y,21.13
2022-12-18 03:03:44,us-west-2,Y,16.65
2022-12-18 04:04:00,us-west-2,Y,16.41
2022-12-18 05:02:19,ap-northeast-1,Y,21.23
2022-12-18 06:07:41,ap-northeast-1,Y,31.80
2022-12-18 07:02:01,us-west-2,Y,20.35
2022-12-18 08:07:07,ap-southeast-1,Y,22.34
2022-12-18 09:02:23,us-east-1,Y,31.77
2022-12-18 10:02:16,ap-southeast-1,Y,26.67
2022-12-18 11:01:43,ap-southeast-1,Y,21.36
2022-12-18 12:09:22,us-west-2,Y,22.84
2022-12-18 13:08:26,ap-northeast-1,Y,18.81
2022-12-18 14:01:41,us-east-1,Y,24.87
2022-12-18 15:02:14,us-west-2,Y,23.05
2022-12-18 16:04:36,ap-northeast-1,Y,20.33
2022-12-18 17:02:15,us-east-1,Y,18.12
2022-12-18 18:03:29,ap-southeast-1,Y,26.93
2022-12-18 19:01:25,eu-central-1,Y,24.20
2022-12-18 20:03:24,ap-southeast-1,Y,20.35
2022-12-18 21:02:04,us-east-1,Y,23.95
2022-12-18 22:02:09,ap-northeast-1,Y,24.88
2022-12-18 23:02:08,ap-northeast-1,Y,22.54
2022-12-19 00:25:52,us-east-1,Y,24.25
2022-12-19 02:00:39,us-west-2,Y,22.56
2022-12-19 03:04:27,us-west-2,Y,18.49
2022-12-19 04:06:31,us-west-2,Y,16.97
2022-12-19 05:02:54,ap-southeast-1,Y,27.09
2022-12-19 06:07:37,us-west-2,Y,23.83
2022-12-19 07:02:59,us-west-2,Y,24.45
2022-12-19 08:08:03,ap-northeast-1,Y,27.20
2022-12-19 09:06:11,ap-southeast-1,Y,20.33
2022-12-19 10:07:15,us-east-1,Y,26.30
2022-12-19 11:02:07,us-west-2,Y,18.42
2022-12-19 12:09:23,eu-central-1,Y,27.25
2022-12-19 13:13:03,ap-southeast-1,Y,22.81
2022-12-19 14:03:11,us-east-1,Y,29.55
2022-12-19 15:07:03,us-west-2,Y,22.05
2022-12-19 16:08:07,us-east-1,Y,23.83
2022-12-19 17:02:01,us-west-2,Y,21.31
2022-12-19 18:07:04,eu-central-1,Y,26.43
2022-12-19 19:02:08,us-west-2,Y,24.27
2022-12-19 20:04:37,us-east-1,Y,18.78
2022-12-19 21:03:26,ap-southeast-1,Y,19.65
2022-12-19 22:02:33,us-west-2,Y,22.25
2022-12-19 23:02:44,ap-southeast-1,Y,20.93
2022-12-20 00:29:26,ap-northeast-1,Y,19.61
2022-12-20 02:06:31,us-east-1,Y,25.47
2022-12-20 03:04:12,ap-southeast-1,Y,28.74
2022-12-20 04:06:40,us-west-2,Y,18.45
2022-12-20 05:03:53,us-east-1,Y,25.52
2022-12-20 06:07:39,ap-northeast-1,Y,19.98
2022-12-20 07:02:17,eu-central-1,Y,28.13
2022-12-20 08:07:23,us-west-2,Y,23.55
2022-12-20 09:03:55,us-east-1,Y,29.54
2022-12-20 10:03:55,ap-northeast-1,Y,18.83
2022-12-20 11:02:10,eu-central-1,Y,27.82
2022-12-20 12:09:36,ap-southeast-1,Y,32.59
2022-12-20 13:12:32,ap-northeast-1,Y,20.36
2022-12-20 14:02:45,us-east-1,Y,24.00
2022-12-20 15:03:39,us-west-2,Y,17.84
2022-12-20 16:07:28,eu-central-1,Y,29.52
2022-12-20 17:02:29,us-west-2,Y,23.89
2022-12-20 18:06:31,us-east-1,Y,24.91
2022-12-20 19:02:00,ap-northeast-1,Y,20.48
2022-12-20 20:04:06,ap-southeast-1,Y,26.85
2022-12-20 21:02:18,ap-northeast-1,Y,17.59
2022-12-20 22:03:04,us-east-1,Y,24.50
2022-12-20 23:02:17,ap-southeast-1,Y,23.04
2022-12-21 00:25:46,ap-northeast-1,Y,24.47
2022-12-21 02:02:33,ap-southeast-1,Y,27.24
2022-12-21 03:04:16,us-west-2,Y,22.55
2022-12-21 04:07:01,eu-central-1,Y,27.27
2022-12-21 05:02:56,ap-northeast-1,Y,20.49
2022-12-21 06:07:31,eu-central-1,Y,27.67
2022-12-21 07:03:00,us-east-1,Y,21.80
2022-12-21 08:07:33,ap-southeast-1,Y,26.09
2022-12-21 09:03:53,us-east-1,Y,24.55
2022-12-21 10:05:22,us-east-1,Y,27.62
2022-12-21 11:02:20,us-west-2,Y,24.05
2022-12-21 12:09:25,us-west-2,Y,21.86
2022-12-21 13:12:49,ap-northeast-1,Y,20.57
2022-12-21 14:02:39,eu-central-1,Y,25.50
2022-12-21 15:04:30,us-east-1,Y,21.18
2022-12-21 16:07:31,us-east-1,Y,20.48
2022-12-21 17:02:29,us-west-2,Y,22.45
2022-12-21 18:06:38,us-east-1,Y,23.71
2022-12-21 19:02:06,ap-southeast-1,Y,23.62
2022-12-21 20:03:51,eu-central-1,Y,25.72
2022-12-21 21:02:18,us-west-2,Y,23.32
2022-12-21 22:02:16,us-west-2,Y,17.77
2022-12-21 23:02:51,eu-central-1,Y,26.73
2022-12-22 00:28:58,ap-northeast-1,Y,22.58
2022-12-22 02:04:45,eu-central-1,Y,26.85
2022-12-22 03:04:16,eu-central-1,Y,25.82
2022-12-22 04:06:24,us-west-2,Y,21.69
2022-12-22 05:03:02,eu-central-1,Y,26.60
2022-12-22 06:07:40,ap-northeast-1,Y,24.70
2022-12-22 07:02:34,us-east-1,Y,24.97
2022-12-22 08:07:14,eu-central-1,Y,30.99
2022-12-22 09:13:16,ap-southeast-1,Y,29.42
2022-12-22 10:03:04,eu-central-1,Y,25.84
2022-12-22 11:02:13,ap-southeast-1,Y,26.07
2022-12-22 12:09:49,ap-northeast-1,Y,23.11
2022-12-22 13:12:57,ap-northeast-1,Y,29.99
2022-12-22 14:02:29,us-west-2,Y,24.15
2022-12-22 15:03:47,eu-central-1,Y,26.61
2022-12-22 16:06:38,ap-northeast-1,Y,24.96
2022-12-22 17:02:33,eu-central-1,Y,27.25
2022-12-22 18:06:53,us-west-2,Y,23.09
2022-12-22 19:01:45,ap-southeast-1,Y,26.79
2022-12-22 20:02:56,us-west-2,Y,23.59
2022-12-22 21:02:38,eu-central-1,Y,28.30
2022-12-22 22:02:46,us-east-1,Y,25.20
2022-12-22 23:03:51,eu-central-1,Y,28.90
2022-12-23 00:28:08,us-west-2,Y,23.81
2022-12-23 02:04:31,us-west-2,Y,309.44
2022-12-23 03:04:14,eu-central-1,Y,15.20
2022-12-23 04:06:16,ap-southeast-1,Y,13.63
2022-12-23 05:02:58,eu-central-1,Y,15.73
2022-12-23 06:07:22,us-west-2,Y,13.93
2022-12-23 07:02:16,ap-southeast-1,Y,22.72
2022-12-23 08:07:13,us-east-1,Y,15.15
2022-12-23 09:03:01,us-west-2,Y,11.86
2022-12-23 10:03:06,eu-central-1,Y,16.74
2022-12-23 11:02:34,ap-northeast-1,Y,23.43
2022-12-23 12:09:03,ap-northeast-1,Y,11.41
2022-12-23 13:11:31,us-west-2,Y,10.23
2022-12-23 14:02:20,us-east-1,Y,13.56
2022-12-23 15:02:50,ap-northeast-1,Y,20.40
2022-12-23 16:06:46,eu-central-1,Y,14.09
2022-12-23 17:02:47,ap-southeast-1,Y,20.99
2022-12-23 18:06:12,eu-central-1,Y,14.74
2022-12-23 19:01:52,eu-central-1,Y,17.58
2022-12-23 20:03:05,ap-southeast-1,Y,30.40
2022-12-23 21:02:09,eu-central-1,Y,14.57
2022-12-23 22:02:28,us-west-2,Y,11.47
2022-12-23 23:03:07,ap-southeast-1,Y,25.71
2022-12-24 00:23:49,us-west-2,Y,10.36
2022-12-24 01:57:50,ap-northeast-1,Y,16.36
2022-12-24 02:27:18,us-west-2,Y,10.27
2022-12-24 03:03:41,eu-central-1,Y,16.94
2022-12-24 04:04:58,us-west-2,Y,13.07
2022-12-24 05:02:23,us-west-2,Y,14.41
2022-12-24 06:05:35,ap-northeast-1,Y,15.83
2022-12-24 07:02:28,eu-central-1,Y,16.16
2022-12-24 08:06:31,us-west-2,Y,10.74
2022-12-24 09:02:19,ap-northeast-1,Y,15.02
2022-12-24 10:02:22,ap-northeast-1,Y,17.10
2022-12-24 11:01:41,eu-central-1,Y,14.74
2022-12-24 12:08:01,ap-southeast-1,Y,18.30
2022-12-24 13:08:37,us-east-1,Y,10.25
2022-12-24 14:02:10,ap-southeast-1,Y,18.48
2022-12-24 15:02:11,eu-central-1,Y,16.14
2022-12-24 16:04:58,us-west-2,Y,11.41
2022-12-24 17:01:53,us-east-1,Y,14.96
2022-12-24 18:03:27,eu-central-1,Y,19.01
2022-12-24 19:01:38,ap-northeast-1,Y,16.56
2022-12-24 20:02:18,us-west-2,Y,12.91
2022-12-24 21:01:57,ap-southeast-1,Y,14.23
2022-12-24 22:02:20,eu-central-1,Y,14.56
2022-12-24 23:02:22,us-west-2,Y,12.62
2022-12-25 00:30:34,ap-northeast-1,Y,13.82
2022-12-25 02:07:16,ap-southeast-1,Y,16.43
2022-12-25 03:03:57,ap-northeast-1,Y,17.74
2022-12-25 04:05:07,eu-central-1,Y,16.20
2022-12-25 05:02:22,us-east-1,Y,11.78
2022-12-25 06:07:03,ap-southeast-1,Y,17.51
2022-12-25 07:01:59,us-west-2,Y,11.52
2022-12-25 08:06:41,us-west-2,Y,13.92
2022-12-25 09:02:28,ap-northeast-1,Y,15.60
2022-12-25 10:02:27,ap-southeast-1,Y,18.42
2022-12-25 11:01:28,eu-central-1,Y,20.19
2022-12-25 12:08:18,ap-northeast-1,Y,15.06
2022-12-25 13:08:46,us-east-1,Y,18.40
2022-12-25 14:02:00,eu-central-1,N,
2022-12-25 15:02:28,us-east-1,Y,27.75
2022-12-25 16:05:26,ap-northeast-1,Y,24.20
2022-12-25 17:01:41,us-east-1,Y,15.72
2022-12-25 18:04:52,us-west-2,Y,19.97
2022-12-25 19:01:47,eu-central-1,Y,21.20
2022-12-25 20:02:09,us-west-2,N,
2022-12-25 21:02:09,ap-northeast-1,Y,19.54
2022-12-25 22:02:21,us-east-1,Y,20.80
2022-12-25 23:02:33,eu-central-1,Y,19.58
2022-12-26 00:28:52,ap-northeast-1,Y,17.36
2022-12-26 02:05:16,ap-southeast-1,Y,18.38
2022-12-26 03:05:55,eu-central-1,Y,35.48
2022-12-26 04:06:57,us-west-2,Y,18.04
2022-12-26 05:02:44,us-west-2,Y,27.65
2022-12-26 06:07:37,ap-northeast-1,Y,20.20
2022-12-26 07:03:00,ap-northeast-1,Y,26.68
2022-12-26 08:07:34,ap-northeast-1,Y,25.56
2022-12-26 09:03:02,ap-southeast-1,Y,27.25
2022-12-26 10:03:31,ap-southeast-1,Y,24.99
2022-12-26 11:01:42,us-east-1,Y,19.29
2022-12-26 12:09:04,ap-southeast-1,Y,16.74
2022-12-26 13:10:31,ap-northeast-1,Y,18.05
2022-12-26 14:02:14,eu-central-1,Y,20.98
2022-12-26 15:02:38,eu-central-1,Y,21.90
2022-12-26 16:05:52,eu-central-1,Y,15.16
2022-12-26 17:02:24,ap-northeast-1,Y,14.41
2022-12-26 18:06:32,us-east-1,Y,14.85
2022-12-26 19:01:35,eu-central-1,Y,18.58
2022-12-26 20:03:12,us-west-2,Y,15.66
2022-12-26 21:02:13,eu-central-1,Y,16.24
2022-12-26 22:02:26,ap-northeast-1,Y,14.67
2022-12-26 23:02:41,ap-southeast-1,Y,19.16
2022-12-27 00:28:46,us-east-1,Y,12.05
2022-12-27 02:02:40,us-west-2,Y,14.46
2022-12-27 03:04:58,ap-southeast-1,Y,19.64
2022-12-27 04:05:58,ap-northeast-1,Y,17.26
2022-12-27 05:02:56,eu-central-1,Y,18.49
2022-12-27 06:07:26,us-west-2,Y,28.56
2022-12-27 07:02:14,ap-southeast-1,Y,15.54
2022-12-27 08:07:24,eu-central-1,Y,19.47
2022-12-27 09:03:13,us-east-1,Y,15.37
2022-12-27 10:03:45,ap-southeast-1,Y,14.88
2022-12-27 11:02:12,eu-central-1,Y,15.23
2022-12-27 12:09:05,eu-central-1,Y,17.16
2022-12-27 13:10:58,eu-central-1,Y,17.71
2022-12-27 14:02:16,ap-southeast-1,Y,15.97
2022-12-27 15:03:06,us-east-1,Y,22.96
2022-12-27 16:06:27,eu-central-1,Y,14.99
2022-12-27 17:02:07,eu-central-1,Y,14.50
2022-12-27 18:06:23,ap-northeast-1,Y,17.57
2022-12-27 19:02:08,eu-central-1,Y,15.86
2022-12-27 20:03:01,us-west-2,Y,13.44
2022-12-27 21:02:14,us-west-2,Y,11.78
2022-12-27 22:02:16,ap-southeast-1,Y,14.75
2022-12-27 23:03:57,eu-central-1,Y,19.57
2022-12-28 00:28:03,eu-central-1,Y,17.10
2022-12-28 02:03:20,us-east-1,Y,11.02
2022-12-28 03:04:56,us-west-2,Y,9.87
2022-12-28 04:05:43,us-west-2,Y,9.00
2022-12-28 05:03:02,ap-northeast-1,Y,15.99
2022-12-28 06:07:27,us-west-2,Y,11.77
2022-12-28 07:02:59,us-east-1,Y,11.49
2022-12-28 08:07:30,us-west-2,Y,8.17
2022-12-28 09:03:12,us-west-2,Y,12.48
2022-12-28 10:03:56,us-west-2,Y,11.29
2022-12-28 11:02:17,us-east-1,Y,10.51
2022-12-28 12:09:28,us-east-1,Y,12.25
2022-12-28 13:10:44,us-east-1,Y,11.13
2022-12-28 14:02:24,ap-southeast-1,Y,13.29
2022-12-28 15:02:46,ap-northeast-1,Y,11.71
2022-12-28 16:05:35,us-west-2,Y,9.87
2022-12-28 17:02:16,ap-northeast-1,Y,14.69
2022-12-28 18:06:29,eu-central-1,Y,17.95
2022-12-28 19:01:46,ap-southeast-1,Y,11.17
2022-12-28 20:03:01,us-east-1,Y,14.88
2022-12-28 21:02:20,us-west-2,Y,8.28
2022-12-28 22:02:21,ap-northeast-1,Y,17.41
2022-12-28 23:02:19,us-east-1,Y,11.51
2022-12-29 00:29:39,eu-central-1,Y,13.46
2022-12-29 02:05:43,ap-southeast-1,Y,16.05
2022-12-29 03:04:55,us-west-2,Y,11.93
2022-12-29 04:07:05,ap-southeast-1,Y,18.27
2022-12-29 05:02:57,us-west-2,Y,11.70
2022-12-29 06:07:19,ap-northeast-1,Y,14.28
2022-12-29 07:02:17,eu-central-1,Y,14.26
2022-12-29 08:07:11,ap-southeast-1,Y,14.26
2022-12-29 09:02:50,ap-northeast-1,Y,14.08
2022-12-29 10:02:47,ap-southeast-1,Y,20.66
2022-12-29 11:02:21,us-east-1,Y,17.11
2022-12-29 12:09:11,ap-northeast-1,Y,20.74
2022-12-29 13:11:14,ap-southeast-1,Y,19.75
2022-12-29 14:02:17,eu-central-1,Y,17.20
2022-12-29 15:03:02,us-west-2,Y,626.91
2022-12-29 16:06:08,ap-southeast-1,Y,16.47
2022-12-29 17:02:31,us-east-1,Y,17.00
2022-12-29 18:06:47,us-west-2,Y,16.47
2022-12-29 19:01:59,ap-northeast-1,Y,18.56
2022-12-29 20:03:12,ap-northeast-1,Y,19.52
2022-12-29 21:02:23,us-east-1,Y,14.18
2022-12-29 22:02:18,eu-central-1,Y,19.32
2022-12-29 23:03:36,us-east-1,Y,18.55
2022-12-30 00:29:57,ap-northeast-1,Y,14.45
2022-12-30 02:05:50,ap-northeast-1,Y,13.80
2022-12-30 03:04:21,ap-southeast-1,Y,23.35
2022-12-30 04:05:27,ap-southeast-1,Y,21.19
2022-12-30 05:02:42,ap-southeast-1,Y,21.79
2022-12-30 06:07:27,ap-northeast-1,Y,18.86
2022-12-30 07:02:14,eu-central-1,Y,13.53
2022-12-30 08:07:16,ap-southeast-1,Y,20.26
2022-12-30 09:02:35,ap-southeast-1,Y,20.07
2022-12-30 10:02:46,ap-northeast-1,Y,12.72
2022-12-30 11:02:20,eu-central-1,Y,15.85
2022-12-30 12:08:41,us-east-1,Y,16.23
2022-12-30 13:09:58,eu-central-1,Y,14.77
2022-12-30 14:02:10,ap-southeast-1,Y,26.00
2022-12-30 15:03:01,eu-central-1,Y,15.76
2022-12-30 16:05:21,us-east-1,Y,11.69
2022-12-30 17:02:03,us-west-2,Y,15.32
2022-12-30 18:05:38,ap-northeast-1,Y,16.77
2022-12-30 19:01:47,us-east-1,Y,15.38
2022-12-30 20:03:02,ap-southeast-1,Y,17.78
2022-12-30 21:02:23,ap-northeast-1,Y,15.11
2022-12-30 22:02:05,us-west-2,Y,12.36
2022-12-30 23:02:30,eu-central-1,Y,18.81
2022-12-31 00:27:54,ap-southeast-1,Y,22.66
2022-12-31 02:02:30,eu-central-1,Y,15.67
2022-12-31 03:03:33,ap-northeast-1,Y,16.43
2022-12-31 04:04:29,eu-central-1,Y,16.40
2022-12-31 05:02:21,eu-central-1,Y,13.75
2022-12-31 06:06:49,us-west-2,Y,12.87
2022-12-31 07:02:16,ap-northeast-1,Y,15.10
2022-12-31 08:06:50,us-east-1,Y,14.05
2022-12-31 09:02:11,us-east-1,Y,14.64
2022-12-31 10:02:20,ap-northeast-1,Y,13.33
2022-12-31 11:01:44,us-east-1,Y,13.83
2022-12-31 12:08:00,ap-southeast-1,Y,19.49
2022-12-31 13:08:23,ap-southeast-1,Y,16.20
2022-12-31 14:01:38,us-east-1,Y,13.21
2022-12-31 15:02:30,ap-southeast-1,Y,15.80
2022-12-31 16:04:04,us-east-1,Y,13.17
2022-12-31 17:02:04,us-west-2,Y,10.00
2022-12-31 18:04:03,us-west-2,Y,15.96
2022-12-31 19:01:46,us-west-2,Y,13.81
2022-12-31 20:02:04,ap-southeast-1,Y,18.50
2022-12-31 21:02:24,eu-central-1,Y,14.46
2022-12-31 22:02:15,ap-southeast-1,Y,15.21
2022-12-31 23:01:56,ap-northeast-1,Y,14.59
2023-01-01 00:32:56,ap-northeast-1,Y,14.49
2023-01-01 02:20:22,ap-northeast-1,Y,16.62
2023-01-01 03:12:35,us-east-1,Y,15.00
2023-01-01 04:06:12,eu-central-1,Y,13.00
2023-01-01 05:02:08,us-west-2,Y,13.32
2023-01-01 06:06:51,eu-central-1,Y,15.38
2023-01-01 07:02:18,ap-northeast-1,Y,11.02
2023-01-01 08:08:02,ap-southeast-1,Y,16.52
2023-01-01 09:02:53,us-east-1,Y,13.17
2023-01-01 10:03:21,us-east-1,Y,14.14
2023-01-01 11:01:38,ap-northeast-1,Y,16.90
2023-01-01 12:08:44,eu-central-1,Y,17.53
2023-01-01 13:09:25,us-west-2,Y,9.21
2023-01-01 14:04:13,ap-northeast-1,Y,12.43
2023-01-01 15:04:24,ap-southeast-1,Y,16.83
2023-01-01 16:04:08,eu-central-1,Y,15.60
2023-01-01 17:01:33,ap-southeast-1,Y,15.35
2023-01-01 18:04:01,us-east-1,Y,13.38
2023-01-01 19:01:30,us-west-2,Y,12.32
2023-01-01 20:02:33,us-west-2,Y,10.58
2023-01-01 21:02:14,us-east-1,Y,12.39
2023-01-01 22:02:10,us-west-2,Y,13.74
2023-01-01 23:03:31,eu-central-1,Y,16.44
2023-01-02 00:29:08,ap-southeast-1,Y,16.69
2023-01-02 02:04:36,us-east-1,Y,14.88
2023-01-02 03:04:47,ap-northeast-1,Y,15.02
2023-01-02 04:06:49,ap-southeast-1,Y,15.75
2023-01-02 05:03:01,us-west-2,Y,10.91
2023-01-02 06:07:42,ap-southeast-1,Y,19.07
2023-01-02 07:02:59,ap-southeast-1,Y,15.92
2023-01-02 08:07:50,us-west-2,Y,14.42
2023-01-02 09:03:52,us-west-2,Y,9.07
2023-01-02 10:03:33,us-west-2,Y,13.71
2023-01-02 11:02:12,ap-northeast-1,Y,14.51
2023-01-02 12:09:38,us-west-2,Y,12.77
2023-01-02 13:13:06,ap-northeast-1,Y,15.56
2023-01-02 14:02:26,ap-southeast-1,Y,17.41
2023-01-02 15:03:11,us-west-2,Y,12.66
2023-01-02 16:05:31,eu-central-1,Y,16.00
2023-01-02 17:02:19,eu-central-1,Y,17.18
2023-01-02 18:06:35,eu-central-1,Y,25.47
2023-01-02 19:01:44,us-west-2,Y,20.27
2023-01-02 20:02:58,ap-southeast-1,Y,17.16
2023-01-02 21:02:02,us-west-2,Y,13.37
2023-01-02 22:02:22,ap-southeast-1,Y,16.09
2023-01-02 23:03:20,ap-northeast-1,Y,18.32
2023-01-03 00:28:34,eu-central-1,Y,15.93
2023-01-03 02:03:52,us-west-2,Y,8.42
2023-01-03 03:04:45,ap-northeast-1,Y,11.95
2023-01-03 04:05:51,eu-central-1,Y,15.85
2023-01-03 05:02:43,ap-northeast-1,Y,13.37
2023-01-03 06:05:50,ap-southeast-1,Y,17.06
2023-01-03 07:02:38,us-east-1,Y,12.54
2023-01-03 08:07:44,ap-southeast-1,Y,13.92
2023-01-03 09:03:43,ap-northeast-1,Y,11.66
2023-01-03 10:04:35,ap-northeast-1,Y,12.31
2023-01-03 11:02:17,ap-southeast-1,Y,14.54
2023-01-03 12:09:44,ap-southeast-1,Y,14.65
2023-01-03 13:13:22,eu-central-1,Y,16.72
2023-01-03 14:02:38,eu-central-1,Y,18.00
2023-01-03 15:05:31,us-east-1,Y,14.47
2023-01-03 16:07:03,us-west-2,Y,13.85
2023-01-03 17:02:10,ap-northeast-1,Y,15.13
2023-01-03 18:07:32,us-east-1,Y,14.22
2023-01-03 19:02:12,us-west-2,Y,13.47
2023-01-03 20:03:05,us-east-1,Y,22.71
2023-01-03 21:03:10,ap-southeast-1,Y,26.70
2023-01-03 22:02:34,eu-central-1,Y,13.58
2023-01-03 23:03:20,ap-southeast-1,Y,30.36
2023-01-04 00:28:14,us-west-2,Y,9.27
2023-01-04 02:08:15,ap-southeast-1,Y,14.81
2023-01-04 03:04:58,us-east-1,Y,11.79
2023-01-04 04:06:51,eu-central-1,Y,13.80
2023-01-04 05:02:51,us-west-2,Y,9.40
2023-01-04 06:07:29,ap-northeast-1,Y,12.31
2023-01-04 07:02:52,ap-northeast-1,Y,11.77
2023-01-04 08:07:22,ap-northeast-1,Y,10.12
2023-01-04 09:03:49,us-east-1,Y,19.45
2023-01-04 10:05:49,eu-central-1,Y,11.35
2023-01-04 11:02:19,us-west-2,Y,7.34
2023-01-04 12:09:35,ap-southeast-1,Y,13.31
2023-01-04 13:13:59,ap-southeast-1,Y,18.51
2023-01-04 14:03:27,eu-central-1,Y,10.58
2023-01-04 15:06:54,ap-southeast-1,Y,12.68
2023-01-04 16:08:52,us-west-2,Y,8.18
2023-01-04 17:08:05,ap-northeast-1,Y,9.84
2023-01-04 18:07:05,us-west-2,Y,7.25
2023-01-04 19:03:09,us-east-1,Y,17.78
2023-01-04 20:03:07,us-east-1,Y,17.56
2023-01-04 21:03:06,ap-northeast-1,Y,16.58
2023-01-04 22:02:58,eu-central-1,Y,19.89
2023-01-04 23:03:01,us-west-2,Y,14.24
2023-01-05 00:29:53,us-west-2,Y,15.74
2023-01-05 02:09:10,ap-northeast-1,Y,23.43
2023-01-05 03:04:03,eu-central-1,Y,26.00
2023-01-05 04:06:37,ap-northeast-1,Y,15.78
2023-01-05 05:03:13,ap-southeast-1,Y,26.35
2023-01-05 06:04:32,us-east-1,Y,24.65
2023-01-05 07:02:22,us-east-1,Y,20.14
2023-01-05 08:07:57,ap-northeast-1,Y,17.40
2023-01-05 09:04:00,eu-central-1,Y,21.48
2023-01-05 10:04:39,ap-southeast-1,Y,20.54
2023-01-05 11:02:36,eu-central-1,Y,18.86
2023-01-05 12:09:49,eu-central-1,Y,19.93
2023-01-05 13:15:39,eu-central-1,Y,21.50
2023-01-05 14:02:48,ap-northeast-1,Y,17.41
2023-01-05 15:05:51,us-west-2,Y,18.07
2023-01-05 16:07:47,us-east-1,Y,16.88
2023-01-05 17:02:31,ap-northeast-1,Y,30.27
2023-01-05 18:06:50,us-west-2,Y,16.62
2023-01-05 19:01:41,eu-central-1,Y,25.40
2023-01-05 20:03:04,ap-northeast-1,Y,19.26
2023-01-05 21:02:48,eu-central-1,Y,18.70
2023-01-05 22:02:57,us-east-1,Y,16.14
2023-01-05 23:04:34,ap-northeast-1,Y,21.54
2023-01-06 00:30:20,ap-southeast-1,Y,17.93
2023-01-06 02:11:56,us-east-1,Y,15.53
2023-01-06 03:07:07,us-west-2,Y,15.44
2023-01-06 04:06:41,eu-central-1,Y,18.02
2023-01-06 05:02:46,ap-northeast-1,Y,18.90
2023-01-06 06:07:24,eu-central-1,Y,19.23
2023-01-06 07:02:26,us-east-1,Y,20.25
2023-01-06 08:07:00,ap-southeast-1,Y,18.72
2023-01-06 09:03:40,ap-northeast-1,Y,17.81
2023-01-06 10:03:42,eu-central-1,Y,19.28
2023-01-06 11:02:08,eu-central-1,Y,17.69
2023-01-06 12:09:15,us-west-2,Y,15.69
2023-01-06 13:12:48,us-east-1,Y,16.39
2023-01-06 14:02:40,us-west-2,Y,16.24
2023-01-06 15:04:04,us-west-2,Y,17.58
2023-01-06 16:07:32,eu-central-1,Y,17.05
2023-01-06 17:02:54,us-east-1,Y,17.67
2023-01-06 18:06:38,us-west-2,Y,16.85
2023-01-06 19:02:22,eu-central-1,Y,17.50
2023-01-06 20:04:10,ap-southeast-1,Y,18.52
2023-01-06 21:02:11,us-west-2,Y,15.51
2023-01-06 22:02:21,eu-central-1,Y,19.64
2023-01-06 23:02:32,us-west-2,Y,15.79
2023-01-07 00:28:25,ap-northeast-1,Y,16.15
2023-01-07 02:05:57,eu-central-1,Y,19.81
2023-01-07 03:04:09,ap-southeast-1,Y,21.48
2023-01-07 04:04:51,eu-central-1,Y,19.57
2023-01-07 05:02:21,eu-central-1,Y,18.42
2023-01-07 06:05:22,ap-southeast-1,Y,21.23
2023-01-07 07:02:18,ap-northeast-1,Y,14.17
2023-01-07 08:06:46,ap-northeast-1,Y,17.43
2023-01-07 09:02:19,us-east-1,Y,14.16
2023-01-07 10:02:31,ap-northeast-1,Y,18.50
2023-01-07 11:01:47,ap-southeast-1,Y,20.51
2023-01-07 12:08:13,ap-northeast-1,Y,24.22
2023-01-07 13:08:39,us-east-1,Y,28.54
2023-01-07 14:02:09,ap-southeast-1,Y,18.99
2023-01-07 15:02:12,us-west-2,Y,16.34
2023-01-07 16:04:06,us-west-2,Y,12.81
2023-01-07 17:01:53,eu-central-1,Y,23.92
2023-01-07 18:04:31,eu-central-1,Y,36.27
2023-01-07 19:01:34,eu-central-1,Y,17.52
2023-01-07 20:02:50,us-west-2,Y,16.30
2023-01-07 21:01:56,eu-central-1,Y,22.43
2023-01-07 22:02:13,ap-southeast-1,Y,18.03
2023-01-07 23:02:22,us-west-2,Y,18.43
2023-01-08 00:31:06,ap-southeast-1,Y,18.86
2023-01-08 02:13:05,eu-central-1,Y,18.06
2023-01-08 03:07:03,ap-northeast-1,Y,22.12
2023-01-08 04:06:41,ap-northeast-1,Y,20.47
2023-01-08 05:02:11,us-west-2,Y,16.12
2023-01-08 06:05:08,ap-northeast-1,Y,24.31
2023-01-08 07:02:07,ap-northeast-1,Y,17.34
2023-01-08 08:07:04,ap-southeast-1,Y,20.88
2023-01-08 09:02:38,eu-central-1,Y,18.09
2023-01-08 10:02:55,us-west-2,Y,15.48
2023-01-08 11:01:33,ap-southeast-1,Y,19.67
2023-01-08 12:08:23,ap-northeast-1,Y,21.35
2023-01-08 13:09:39,ap-northeast-1,Y,18.48
2023-01-08 14:02:13,eu-central-1,Y,17.17
2023-01-08 15:02:21,us-east-1,Y,15.88
2023-01-08 16:04:07,eu-central-1,Y,17.81
2023-01-08 17:02:12,eu-central-1,Y,17.76
2023-01-08 18:04:21,ap-southeast-1,Y,16.59
2023-01-08 19:01:48,eu-central-1,Y,21.75
2023-01-08 20:02:13,us-east-1,Y,17.70
2023-01-08 21:01:59,ap-northeast-1,Y,18.00
2023-01-08 22:02:23,us-east-1,Y,16.62
2023-01-08 23:03:18,eu-central-1,Y,19.54
2023-01-09 00:28:46,us-east-1,Y,16.82
2023-01-09 02:07:19,ap-northeast-1,Y,16.86
2023-01-09 03:04:12,us-east-1,Y,20.05
2023-01-09 04:07:07,eu-central-1,Y,17.99
2023-01-09 05:02:41,us-east-1,Y,16.25
2023-01-09 06:07:30,eu-central-1,Y,19.61
2023-01-09 07:04:00,us-west-2,Y,13.57
2023-01-09 08:08:04,us-west-2,Y,19.83
2023-01-09 09:05:32,us-east-1,Y,16.21
2023-01-09 10:06:31,ap-southeast-1,Y,19.02
2023-01-09 11:02:41,eu-central-1,Y,21.18
2023-01-09 12:10:24,eu-central-1,Y,38.66
2023-01-09 13:14:30,ap-southeast-1,Y,17.97
2023-01-09 14:07:31,ap-northeast-1,N,
2023-01-09 15:08:36,ap-northeast-1,Y,19.02
2023-01-09 16:10:56,eu-central-1,Y,18.43
2023-01-09 17:07:40,us-west-2,Y,15.79
2023-01-09 18:07:09,ap-northeast-1,Y,18.47
2023-01-09 19:02:12,us-west-2,Y,16.51
2023-01-09 20:04:23,us-east-1,Y,17.20
2023-01-09 21:03:03,us-west-2,Y,14.10
2023-01-09 22:03:22,us-east-1,Y,18.46
2023-01-09 23:02:58,us-west-2,Y,19.50
2023-01-10 00:31:42,us-east-1,Y,14.79
2023-01-10 02:13:55,ap-southeast-1,Y,19.69
2023-01-10 03:07:42,ap-southeast-1,Y,13.47
2023-01-10 04:07:35,ap-southeast-1,Y,16.99
2023-01-10 05:02:35,us-west-2,Y,15.69
2023-01-10 06:07:22,us-west-2,Y,17.40
2023-01-10 07:02:37,eu-central-1,Y,14.23
2023-01-10 08:07:43,us-east-1,Y,19.58
2023-01-10 09:04:33,us-east-1,N,
2023-01-10 10:04:28,us-east-1,N,
2023-01-10 11:02:17,eu-central-1,Y,19.44
2023-01-10 12:09:47,us-west-2,Y,29.26
2023-01-10 13:14:59,eu-central-1,Y,20.25
2023-01-10 14:07:12,ap-southeast-1,N,
2023-01-10 15:08:49,us-east-1,Y,17.20
2023-01-10 16:08:36,eu-central-1,Y,18.24
2023-01-10 17:04:35,us-east-1,Y,17.50
2023-01-10 18:07:02,ap-northeast-1,Y,17.30
2023-01-10 19:02:25,eu-central-1,Y,16.98
2023-01-10 20:03:58,us-east-1,Y,21.69
2023-01-10 21:02:19,ap-southeast-1,Y,31.77
2023-01-10 22:03:03,ap-northeast-1,Y,21.19
2023-01-10 23:03:12,eu-central-1,Y,19.10
2023-01-11 00:30:11,ap-southeast-1,N,
2023-01-11 02:10:33,,N,
2023-01-11 03:03:20,us-east-1,Y,19.03
2023-01-11 04:05:46,eu-central-1,Y,24.41
2023-01-11 05:03:39,ap-northeast-1,Y,23.11
2023-01-11 06:07:28,us-west-2,Y,13.54
2023-01-11 07:03:05,ap-southeast-1,Y,22.07
2023-01-11 08:08:01,eu-central-1,Y,20.80
2023-01-11 09:07:04,us-east-1,Y,22.14
2023-01-11 10:07:55,eu-central-1,Y,22.39
2023-01-11 11:02:17,ap-northeast-1,Y,17.40
2023-01-11 12:10:17,eu-central-1,Y,20.85
2023-01-11 13:17:06,eu-central-1,Y,18.85
2023-01-11 14:07:10,ap-southeast-1,N,
2023-01-11 15:13:07,us-east-1,Y,33.87
2023-01-11 16:13:44,eu-central-1,Y,32.06
2023-01-11 17:10:30,us-east-1,Y,14.67
2023-01-11 18:08:51,ap-southeast-1,Y,25.00
2023-01-11 19:02:48,eu-central-1,Y,33.49
2023-01-11 20:04:04,ap-northeast-1,Y,23.95
2023-01-11 21:03:23,eu-central-1,Y,18.53
2023-01-11 22:03:40,us-west-2,Y,16.77
2023-01-11 23:03:04,us-east-1,Y,20.12
2023-01-12 00:30:08,eu-central-1,Y,18.59
2023-01-12 02:09:05,ap-southeast-1,Y,25.33
2023-01-12 03:04:34,us-west-2,Y,17.73
2023-01-12 04:07:06,us-west-2,Y,26.16
2023-01-12 05:03:11,eu-central-1,Y,34.91
2023-01-12 06:07:52,eu-central-1,Y,17.20
2023-01-12 07:02:55,us-east-1,Y,19.13
2023-01-12 08:08:31,eu-central-1,Y,17.62
2023-01-12 09:07:06,ap-northeast-1,Y,32.07
2023-01-12 10:07:21,ap-southeast-1,Y,21.16
2023-01-12 11:07:38,ap-northeast-1,Y,19.67
2023-01-12 12:10:55,us-west-2,Y,19.94
2023-01-12 13:18:59,eu-central-1,Y,20.63
2023-01-12 14:08:20,ap-northeast-1,Y,19.56
2023-01-12 15:11:09,us-west-2,Y,19.62
2023-01-12 16:16:55,ap-northeast-1,Y,17.91
2023-01-12 17:19:35,us-west-2,Y,16.58
2023-01-12 18:07:52,ap-northeast-1,Y,15.68
2023-01-12 19:02:33,eu-central-1,Y,19.72
2023-01-12 20:04:59,us-east-1,Y,19.44
2023-01-12 21:03:12,ap-northeast-1,Y,21.80
2023-01-12 22:03:40,ap-northeast-1,Y,19.01
2023-01-12 23:04:25,eu-central-1,Y,19.27
2023-01-13 00:30:20,us-west-2,Y,16.81
2023-01-13 02:13:43,ap-northeast-1,Y,20.13
2023-01-13 03:08:23,ap-southeast-1,Y,31.67
2023-01-13 04:07:07,ap-northeast-1,Y,36.64
2023-01-13 05:03:00,eu-central-1,Y,25.39
2023-01-13 06:07:38,ap-southeast-1,Y,35.18
2023-01-13 07:03:00,ap-northeast-1,Y,37.72
2023-01-13 08:07:54,eu-central-1,Y,17.96
2023-01-13 09:07:09,us-west-2,Y,15.33
2023-01-13 10:06:48,eu-central-1,Y,17.84
2023-01-13 11:02:22,us-west-2,Y,14.72
2023-01-13 12:10:05,us-west-2,Y,16.02
2023-01-13 13:14:22,ap-northeast-1,Y,16.09
2023-01-13 14:04:09,ap-southeast-1,Y,18.81
2023-01-13 15:05:34,us-east-1,Y,17.71
2023-01-13 16:07:56,us-east-1,Y,15.43
2023-01-13 17:02:28,ap-northeast-1,Y,16.00
2023-01-13 18:06:35,eu-central-1,Y,16.37
2023-01-13 19:02:01,eu-central-1,Y,15.58
2023-01-13 20:03:05,ap-southeast-1,Y,16.54
2023-01-13 21:02:21,eu-central-1,Y,17.37
2023-01-13 22:01:45,ap-southeast-1,Y,17.11
2023-01-13 23:03:04,eu-central-1,Y,16.97
2023-01-14 00:28:45,us-east-1,Y,19.04
2023-01-14 02:02:22,ap-northeast-1,Y,14.36
2023-01-14 03:04:15,ap-southeast-1,Y,17.57
2023-01-14 04:05:07,us-east-1,Y,17.07
2023-01-14 05:02:03,us-east-1,Y,16.23
2023-01-14 06:06:43,ap-northeast-1,Y,17.02
2023-01-14 07:02:08,us-west-2,Y,15.48
2023-01-14 08:07:05,us-west-2,Y,14.86
2023-01-14 09:02:24,us-west-2,Y,15.66
2023-01-14 10:02:30,ap-southeast-1,Y,18.33
2023-01-14 11:01:51,us-west-2,Y,15.02
2023-01-14 12:08:22,us-west-2,Y,14.96
2023-01-14 13:08:30,ap-northeast-1,Y,14.99
2023-01-14 14:01:52,eu-central-1,Y,18.56
2023-01-14 15:02:25,ap-northeast-1,Y,16.14
2023-01-14 16:03:57,ap-northeast-1,Y,15.85
2023-01-14 17:02:19,us-west-2,Y,13.87
2023-01-14 18:04:30,eu-central-1,Y,16.37
2023-01-14 19:01:31,us-west-2,Y,15.17
2023-01-14 20:03:15,us-east-1,Y,17.18
2023-01-14 21:02:01,eu-central-1,Y,18.22
2023-01-14 22:01:56,ap-northeast-1,Y,15.82
2023-01-14 23:02:26,eu-central-1,Y,17.48
2023-01-15 00:32:18,us-west-2,Y,16.83
2023-01-15 02:11:26,ap-southeast-1,Y,17.18
2023-01-15 03:06:31,eu-central-1,Y,16.76
2023-01-15 04:05:06,us-east-1,Y,16.50
2023-01-15 05:02:42,us-west-2,Y,14.51
2023-01-15 06:06:58,us-west-2,Y,15.39
2023-01-15 07:02:10,eu-central-1,Y,16.17
2023-01-15 08:06:59,ap-southeast-1,Y,17.51
2023-01-15 09:02:46,ap-southeast-1,Y,18.53
2023-01-15 10:02:48,eu-central-1,Y,16.76
2023-01-15 11:02:41,us-west-2,Y,16.16
2023-01-15 12:08:20,ap-southeast-1,Y,17.63
2023-01-15 13:09:20,eu-central-1,Y,15.48
2023-01-15 14:02:11,eu-central-1,Y,17.89
2023-01-15 15:02:26,us-west-2,Y,16.56
2023-01-15 16:04:23,us-west-2,Y,16.38
2023-01-15 17:02:35,us-west-2,Y,15.31
2023-01-15 18:03:39,eu-central-1,Y,14.28
2023-01-15 19:02:08,us-east-1,Y,17.65
2023-01-15 20:02:10,us-west-2,Y,15.07
2023-01-15 21:02:21,ap-southeast-1,Y,15.76
2023-01-15 22:02:00,us-east-1,Y,15.47
2023-01-15 23:03:09,ap-southeast-1,Y,18.70
2023-01-16 00:29:51,ap-northeast-1,Y,17.80
2023-01-16 02:08:48,ap-southeast-1,Y,17.94
2023-01-16 03:04:17,us-east-1,Y,15.87
2023-01-16 04:06:55,ap-southeast-1,Y,15.90
2023-01-16 05:03:11,ap-southeast-1,Y,15.76
2023-01-16 06:07:54,us-east-1,Y,16.20
2023-01-16 07:03:02,ap-southeast-1,Y,17.15
2023-01-16 08:07:54,eu-central-1,Y,16.53
2023-01-16 09:04:04,ap-northeast-1,Y,16.48
2023-01-16 10:04:45,us-west-2,Y,15.31
2023-01-16 11:01:57,eu-central-1,Y,16.64
2023-01-16 12:10:10,ap-northeast-1,Y,15.43
2023-01-16 13:15:01,us-east-1,Y,15.73
2023-01-16 14:04:32,eu-central-1,Y,16.85
2023-01-16 15:04:12,ap-southeast-1,Y,17.92
2023-01-16 16:06:48,ap-northeast-1,Y,17.42
2023-01-16 17:02:16,us-west-2,Y,14.35
2023-01-16 18:06:46,us-east-1,Y,16.53
2023-01-16 19:01:58,us-west-2,Y,14.36
2023-01-16 20:03:35,ap-northeast-1,Y,18.72
2023-01-16 21:02:35,ap-southeast-1,Y,16.67
2023-01-16 22:02:48,us-east-1,Y,17.58
2023-01-16 23:03:03,ap-southeast-1,Y,16.87
2023-01-17 00:30:07,ap-southeast-1,Y,18.51
2023-01-17 02:08:51,ap-northeast-1,Y,17.27
2023-01-17 03:04:14,us-west-2,Y,16.11
2023-01-17 04:06:53,ap-northeast-1,Y,15.64
2023-01-17 05:03:28,eu-central-1,Y,17.53
2023-01-17 06:07:19,ap-northeast-1,Y,16.32
2023-01-17 07:03:20,us-east-1,Y,17.04
2023-01-17 08:07:51,eu-central-1,Y,17.18
2023-01-17 09:03:11,us-east-1,Y,16.83
2023-01-17 10:03:44,us-east-1,Y,15.24
2023-01-17 11:02:30,us-west-2,Y,16.58
2023-01-17 12:09:32,ap-southeast-1,Y,16.05
2023-01-17 13:13:58,us-west-2,Y,16.95
2023-01-17 14:02:17,ap-northeast-1,Y,15.94
2023-01-17 15:03:03,ap-southeast-1,Y,16.59
2023-01-17 16:06:40,eu-central-1,Y,17.96
2023-01-17 17:02:41,ap-northeast-1,Y,17.13
2023-01-17 18:06:59,eu-central-1,Y,15.76
2023-01-17 19:02:11,ap-southeast-1,Y,16.88
2023-01-17 20:03:50,ap-southeast-1,Y,18.31
2023-01-17 21:02:42,eu-central-1,Y,17.89
2023-01-17 22:03:12,ap-northeast-1,Y,15.37
2023-01-17 23:03:01,ap-southeast-1,Y,17.78
2023-01-18 00:31:22,ap-southeast-1,Y,11.76
2023-01-18 02:12:27,ap-northeast-1,Y,18.59
2023-01-18 03:07:57,eu-central-1,Y,18.57
2023-01-18 04:06:48,us-east-1,Y,15.36
2023-01-18 05:03:07,eu-central-1,Y,17.50
2023-01-18 06:07:42,ap-southeast-1,Y,16.63
2023-01-18 07:03:08,ap-southeast-1,Y,17.81
2023-01-18 08:09:04,ap-northeast-1,Y,16.15
2023-01-18 09:03:23,ap-southeast-1,Y,15.67
2023-01-18 10:04:35,ap-southeast-1,Y,18.34
2023-01-18 11:02:16,ap-southeast-1,Y,16.83
2023-01-18 12:09:44,ap-northeast-1,Y,17.98
2023-01-18 13:13:30,us-east-1,Y,17.44
2023-01-18 14:02:45,ap-northeast-1,Y,17.02
2023-01-18 15:04:06,us-east-1,Y,15.98
2023-01-18 16:07:10,eu-central-1,Y,17.37
2023-01-18 17:02:43,eu-central-1,Y,15.09
2023-01-18 18:06:30,ap-southeast-1,Y,16.62
2023-01-18 19:02:08,us-west-2,Y,16.14
2023-01-18 20:04:37,ap-southeast-1,Y,17.76
2023-01-18 21:02:22,ap-southeast-1,Y,15.82
2023-01-18 22:03:26,ap-southeast-1,Y,18.32
2023-01-18 23:03:29,us-west-2,Y,13.84
2023-01-19 00:30:42,eu-central-1,Y,17.95
2023-01-19 02:14:27,us-west-2,Y,15.11
2023-01-19 03:09:16,us-east-1,Y,16.42
2023-01-19 04:07:08,ap-southeast-1,Y,18.26
2023-01-19 05:03:32,us-west-2,Y,13.33
2023-01-19 06:07:50,us-west-2,Y,14.22
2023-01-19 07:02:24,eu-central-1,Y,16.39
2023-01-19 08:08:16,us-east-1,Y,15.17
2023-01-19 09:04:01,eu-central-1,Y,16.72
2023-01-19 10:03:56,us-east-1,Y,15.27
2023-01-19 11:02:31,ap-southeast-1,Y,17.94
2023-01-19 12:10:08,ap-southeast-1,Y,18.57
2023-01-19 13:15:03,ap-northeast-1,Y,15.52
2023-01-19 14:04:00,eu-central-1,Y,18.06
2023-01-19 15:04:51,ap-southeast-1,Y,15.91
2023-01-19 16:07:03,ap-northeast-1,Y,16.84
2023-01-19 17:03:47,ap-northeast-1,Y,15.32
2023-01-19 18:07:27,us-west-2,Y,12.74
2023-01-19 19:02:11,eu-central-1,Y,16.83
2023-01-19 20:03:41,ap-northeast-1,Y,17.05
2023-01-19 21:02:18,us-east-1,Y,17.35
2023-01-19 22:02:53,ap-southeast-1,Y,17.19
2023-01-19 23:04:53,ap-northeast-1,Y,16.53
2023-01-20 00:30:28,us-west-2,Y,15.51
2023-01-20 02:12:44,us-west-2,Y,15.16
2023-01-20 03:09:27,us-east-1,Y,16.51
2023-01-20 04:09:03,eu-central-1,Y,16.84
2023-01-20 05:03:01,ap-northeast-1,Y,17.57
2023-01-20 06:07:57,ap-southeast-1,Y,16.70
2023-01-20 07:02:53,ap-southeast-1,Y,17.46
2023-01-20 08:07:48,us-west-2,Y,15.69
2023-01-20 09:03:35,us-east-1,Y,15.63
2023-01-20 10:03:41,eu-central-1,Y,16.50
2023-01-20 11:02:16,ap-southeast-1,Y,16.93
2023-01-20 12:10:18,us-west-2,Y,13.74
2023-01-20 13:14:14,eu-central-1,Y,15.00
2023-01-20 14:02:54,eu-central-1,Y,17.00
2023-01-20 15:03:36,us-east-1,Y,16.10
2023-01-20 16:06:59,us-west-2,Y,13.28
2023-01-20 17:02:58,ap-northeast-1,Y,16.04
2023-01-20 18:06:55,eu-central-1,Y,15.03
2023-01-20 19:01:34,ap-northeast-1,Y,17.69
2023-01-20 20:03:41,us-west-2,Y,16.85
2023-01-20 21:02:24,us-east-1,Y,17.52
2023-01-20 22:02:59,ap-northeast-1,Y,15.58
2023-01-20 23:02:40,ap-northeast-1,Y,16.32
2023-01-21 00:30:03,ap-northeast-1,Y,15.36
2023-01-21 02:06:25,ap-southeast-1,Y,18.54
2023-01-21 03:04:11,us-west-2,Y,16.93
2023-01-21 04:05:48,ap-northeast-1,Y,16.52
2023-01-21 05:02:29,us-west-2,Y,13.61
2023-01-21 06:06:53,us-east-1,Y,15.12
2023-01-21 07:02:20,ap-northeast-1,Y,16.41
2023-01-21 08:06:57,ap-northeast-1,Y,16.38
2023-01-21 09:02:09,us-east-1,Y,17.05
2023-01-21 10:02:34,us-west-2,Y,13.64
2023-01-21 11:01:52,ap-northeast-1,Y,17.26
2023-01-21 12:08:30,ap-southeast-1,Y,16.60
2023-01-21 13:09:20,us-east-1,Y,17.58
2023-01-21 14:02:17,us-west-2,Y,15.93
2023-01-21 15:02:37,ap-southeast-1,Y,11.88
2023-01-21 16:04:35,us-east-1,Y,16.54
2023-01-21 17:02:20,ap-northeast-1,Y,14.26
2023-01-21 18:04:03,us-west-2,Y,15.26
2023-01-21 19:01:41,ap-southeast-1,Y,19.11
2023-01-21 20:02:10,ap-southeast-1,Y,15.87
2023-01-21 21:02:10,ap-southeast-1,Y,19.01
